PurchaseSell,Date,Purchase Price,VIN,Model,Year,Vehicle Description,Manufacturer,Condition,Type,Odometer,Colors,Username,Customer Email,Customer Phone,Customer Street Address,Customer City,Customer State,Customer ZIP,Persons Driver License,Persons First Name,Persons Last Name,Tax Number,Business Name,Contact First Name,Contact Last Name,Contact Title,customerID
Purchase,6/25/2019,1012.7,036JZFZ8I3K433701,Q45,2003,disc brake; ,INFINITI,Excellent,Sedan,79683,Metallic,user03,lhaufler@zathunicon.com,9953808583,2797 5-street,El Paso,TX,45787,,,,94-0706896,Mathtouch,Valentine,Kulzer,Senior Manager M1,308
Purchase,3/12/2019,3801.73,05AJ273ZM02946325,C7500 TOPKICK,2004,,GMC,Excellent,SUV,159990,Navy,user06,ebaltimore@singletechno.com,5858632305,6792 5-street,Jacksonville,FL,71766,A2628970055,Cristy,Acey,,,,,,23
Purchase,4/10/2019,4751.22,05WXEVLB5X8956206,SRX,2009,fuel injection; ,Cadillac,Fair,SUV,24135,White,user12,tperin@blackzim.com,718891515,6078 4-street,Anchorage,CA,89677,,,,10-1885341,Betatech,Lai,Shin,Senior Scientist R1,282
Purchase,3/26/2019,2343.06,0HJ3WSLKGZT340626,LACROSSE,2008,engine displacement; ,Buick,Fair,SUV,17670,Rose,user03,dgalam@lexiqvolax.com,9796761201,2852 9-street,Reno,VA,59227,A6434991693,Truman,Strassner,,,,,,40
Purchase,6/26/2019,4682.57,0KQT4QWDSFO183874,VERACRUZ,2007,anti-lock brake system (ABS); ,Hyundai,Fair,Sedan,58788,Bronze,user14,lpawlowicz@gogozoom.com,6254507435,9893 13-street,Madison,TX,95139,B0585188333,Lorrie,Boord,,,,,,70
Purchase,6/18/2019,4936.36,0OZ6776OUA0065975,MULSANNE,2014,best possible traction; ,Bentley,Very Good,Sedan,3409,Bronze;Brown;Gray,user22,pmartabano@doncon.com,9248918714,2985 14-street,Los Angeles,CA,87682,B4745861576,Brett,Toelkes,,,,,,101
Purchase,4/19/2019,2960.16,0XHRC15HS5V123753,TSX,2011,rack and pinion steering; ,Acura,Excellent,Truck,106125,Claret,user14,rmaynerich@zumgoity.com,8937050319,9964 12-street,New York,NY,2933,C7482916743,Lenna,Honeywell,,,,,,194
Purchase,6/10/2019,1741.99,0XJA8OD4GS2220202,PRIUS V,2012,superturbocharger; ,Toyota,Good,Minivan,12756,Black;Gray,user04,lahle@goodsilron.com,2533720672,3433 21-street,Jersey City,CA,97554,C2744068306,Virgie,Garufi,,,,,,162
Purchase,5/7/2019,4323.66,0Y8HTOZ7K6L112375,WRANGLER,2004,ultra new transmission; normally aspirated; hydraulic brakes; ,Jeep,Very Good,Van,139065,Maroon,user02,tbachman@konex.com,7577634102,237 5-street,St. Louis,CA,43201,C4429219457,Rhea,Pontoriero,,,,,,175
Purchase,1/25/2019,3180.75,1D377TZAWSW801985,GT,2008,no backfire/backfiring; ,Romeo,Very Good,Minivan,36111,Navy,user04,,9481709095,703 20-street,Fort Worth,TX,58757,D3829841679,Shawna,Vizarro,,,,,,231
Purchase,5/14/2019,4443.6,1D75678DO43448008,PROMASTER 2500,2016,,Ram,Good,Minivan,9230,Orange,user02,jlindall@kinnamplus.com,1267381896,2802 21-street,North Las Vegas,CA,82749,,,,12-2459515,Nam-zim,Lonny,Marrier,SalesRep M9,295
Purchase,2/11/2019,1288.83,1EW5SWZMNBU661507,TT QUATTRO,2005,best sedan; automatic transmission; engine displacement; ,Audi,Excellent,Van,61050,Beige;Claret;Gray,user22,sweight@dalttechnology.com,5857219334,5406 12-street,Santa Ana,MO,67088,,,,62-2765556,Kan-code,Truman,Miro,Senior Director L2,269
Purchase,5/23/2019,1442.39,1J1RMS1AO48718511,COOPER COUNTRYMAN,2013,,MINI,Excellent,Truck,34872,Blue,user24,tlinahan@labdrill.com,2738568375,1604 1-street,Omaha,NC,3539,C6508528685,Elke,Felger,,,,,,181
Purchase,6/3/2019,3071.33,1MF8O5K3V5X143850,LX570,2010,wide transaxle; ,Lexus,Fair,Minivan,104044,Turquoise,user14,,1577607406,63 19-street,Orlando,FL,68407,B0676368739,Refugia,Riden,,,,,,72
Purchase,6/11/2019,11487.14,1NVXI5JXG3Q330243,AZERA,2010,automatic valves; wide chassis; ,Hyundai,Excellent,Van,3812,Tan,user24,tfrerking@plexzap.com,2977557657,7175 16-street,Cincinnati,MN,17189,C7245495659,Oretha,Bowley,,,,,,193
Purchase,2/27/2019,1303.5,1RQR2NON75E373495,MX-5,2006,innovative air bags; ,MAZDA,Excellent,Coupe,14172,Cream,user18,ddilello@rantouch.com,7239819567,5496 3-street,Denver,CO,6934,B2804248768,Donte,Cousey,,,,,,84
Purchase,4/10/2019,2084.82,1U4MXLVV84A726331,ELISE,2007,,Lotus,Excellent,Sedan,129670,Purple,user18,,5575984000,9824 9-street,Wichita,TX,12236,A2156704547,Xochitl,Pagliuca,,,,,,20
Purchase,3/6/2019,4328.48,1WU1KQALZ75403546,LANCER,2008,active safety features; crumple zones; ,Mitsubishi,Fair,SUV,50010,Rose,user04,jfigeroa@faxquote.com,7988113075,9685 2-street,Boston,TN,22976,A9800617405,Golda,Kannady,,,,,,65
Purchase,2/9/2019,1162.56,22420XMJ47N471618,S,2013,supernew catalytic converter; ,Tesla,Very Good,SUV,111720,White,user14,cleto@ontomedia.com,6430223893,3244 1-street,Plano,NV,60791,B4543107001,Cyndy,Royster,,,,,,95
Purchase,2/5/2019,1437.67,23XI32P0M0K897737,CAYMAN,2007,,Porsche,Good,Convertible,102280,Rose,user12,jwitten@toughzap.com,6762288681,3171 20-street,Nashville-Davidson,MD,86587,D8463845828,Stephaine,Drymon,,,,,,251
Purchase,4/4/2019,3290.49,27J2LRAE38R945176,LUCERNE,2007,high volume cylinder; ,Buick,Fair,SUV,76590,White,user14,yfelger@groovestreet.com,706470748,2680 7-street,Baltimore,OK,83300,B9167611164,Mitsue,Diestel,,,,,,142
Purchase,1/3/2019,6147.28,2CEDOZQS3WI014174,MP4-12C,2016,check the Monroney sticker - there is nothing better than this vehicle; ,McLaren,Excellent,Minivan,11800,Green,user02,tfunnell@zoomit.com,5201367484,3334 8-street,Austin,TX,72284,C9903567737,Linn,Hollack,,,,,,212
Purchase,2/7/2019,4157.43,2KANK83IC2A444270,SILVERADO 2500 HD,2011,minivan; ,Chevrolet,Very Good,Convertible,100896,Rose,user22,hmontezuma@donware.com,6744378134,648 12-street,North Las Vegas,CA,54125,A4363352704,Adell,Leinenbach,,,,,,32
Purchase,2/6/2019,11122.52,2TN1NJUXESG344969,IMPREZA,2018,automatic torque converter; ,Subaru,Good,SUV,11972,Aluminum,user04,lmonarrez@doncon.com,6568801094,6786 21-street,Scottsdale,NV,80515,A1543433846,Lenna,Skulski,,,,,,11
Purchase,5/19/2019,1527.52,30IT6VOHPTN692600,RL,2002,oversteer; ,Acura,Fair,SUV,133159,Copper;Gold;Pink,user05,,838636926,8665 18-street,Detroit,MI,89762,D1490490202,Audry,Wide,,,,,,221
Purchase,5/17/2019,1528.39,30KBYEYBKH5669910,E-350 ECONOLINE CLUB WAGON,2001,best possible traction; ,Ford,Fair,Sedan,53610,Pink,user24,tregusters@ganjaflex.com,5341057929,9675 2-street,Jersey City,CA,70105,B3716300300,Art,Degroot,,,,,,92
Purchase,3/11/2019,3038.26,31ZQB40Z55B784788,456 M GTA,2002,super new ignition system; power train; ,Ferrari,Excellent,Coupe,123328,Beige;Claret;Copper,user04,earedondo@scottech.com,6670173598,8485 9-street,Fort Worth,TX,38021,,,,43-4733948,Goodsilron,Lai,Storment,Associate Manager M7,276
Purchase,4/19/2019,1815.39,35TB5QWCJW0515619,XKR,2019,ultra new transmission; ,Jaguar,Very Good,Minivan,136271,Pink,user04,bonofrio@scotfind.com,1529913151,9737 7-street,Seattle,WA,12926,B8838483933,Tamar,Rodefer,,,,,,139
Purchase,1/2/2019,1471.72,38ZSAKVC20U930606,V12 VANTAGE,2019,best sedan; ,Martin,Excellent,Minivan,137449,Gold,user24,cgibes@dontechi.com,1859590014,5092 20-street,Tulsa,OH,36477,C7821395607,Glendora,Rodeigues,,,,,,197
Purchase,4/17/2019,6353.33,3HWBBE541KJ068668,335I,2008,best oil pump; ,BMW,Excellent,Sedan,42840,Copper,user02,mcentini@singletechno.com,9919665090,5345 16-street,Reno,VA,79485,D9635369685,Carmelina,Staback,,,,,,255
Purchase,6/9/2019,4360.52,3KYD25BMOB3101135,IMPREZA,2003,drive shaft; high differential; can be used as sports car; ,Subaru,Good,Minivan,3972,Maroon,user22,eluczki@hatfan.com,389051409,3968 4-street,Newark,TX,26131,D7770361115,Luisa,Malet,,,,,,249
Purchase,6/22/2019,1697.09,3S8JO5UMV1Y166789,CAMARO,2010,very hard struts; ,Chevrolet,Very Good,Convertible,80787,Rose,user03,jkoppinger@bioplex.com,5596686485,4940 2-street,Anaheim,CA,79483,C6885206034,Jina,Bowley,,,,,,184
Purchase,3/6/2019,3641.78,3U3N6HS8K3V143011,SIERRA 2500 HD,2012,crumple zones; ,GMC,Excellent,Coupe,18870,Aluminum,user24,emauson@konmatfix.com,8269013055,6556 12-street,Oakland,MN,27258,,,,66-0947691,Zotware,Eladia,Castros,Senior Director M5,274
Purchase,5/18/2019,1111.81,3VWJ7G74MRP551283,V8 VANTAGE,2007,check the Monroney sticker - theer is nothing better than this vehicle; ,Martin,Very Good,SUV,124280,Yellow,user05,ddilello@rantouch.com,7239819567,5496 3-street,Denver,CO,6934,B2804248768,Donte,Cousey,,,,,,85
Purchase,3/2/2019,1687.58,41AHCTXZIUN699904,VANQUISH,2003,supernew catalytic converter; high torque; small spark plug gap; ,Aston,Very Good,Coupe,91080,Green,user07,amorocco@stanredtax.com,728931740,226 14-street,Tucson,CA,80383,C1172628796,Jacqueline,Shields,,,,,,153
Purchase,2/13/2019,2415,426W8PU85BH593514,IMPREZA,2011,crankcase; hydraulic brakes; ,Subaru,Fair,Sedan,52180,Rose,user24,ntoelkes@iselectrics.com,8315356658,8050 11-street,Henderson,NE,94296,A0891946418,Stephen,Pelkowski,,,,,,3
Purchase,4/12/2019,1885.81,4G40BAXEV4V936460,XTS,2013,overdrive; ,Cadillac,Very Good,SUV,102825,Black,user24,lhaufler@zathunicon.com,9953808583,2797 5-street,El Paso,TX,45787,,,,94-0706896,Mathtouch,Valentine,Kulzer,Senior Manager M1,284
Purchase,1/14/2019,2979.61,58SXUC0BZIA446980,CRF70F,2008,crankcase; hydraulic brakes; ,Honda,Fair,Truck,161228,Orange,user02,nsemidey@blackzim.com,5466289697,5274 2-street,New York,NY,5501,D5653451679,Van,Comnick,,,,,,240
Purchase,3/5/2019,3180.75,5I71MA5PSO0445780,GT,2008,manual transmission; ,Romeo,Very Good,Truck,22908,Blue,user04,lhalter@openlane.com,3539684893,350 5-street,Colorado Springs,NE,8954,B1467621707,Arlette,Arias,,,,,,76
Purchase,4/4/2019,2825.98,5U2302GFYRL619555,ELANTRA,2010,,Hyundai,Excellent,Truck,165004,Silver,user04,donofrio@warephase.com,6222810837,2749 6-street,Charlotte,NC,98482,C8989750395,Derick,Dilliard,,,,,,204
Purchase,4/25/2019,1995.1,66BVP1UV1VM384215,LS600H,2010,no understeer; detail; ,Lexus,Very Good,Truck,47550,Gold,user07,dgalam@lexiqvolax.com,9796761201,2852 9-street,Reno,VA,59227,A6434991693,Truman,Strassner,,,,,,41
Purchase,2/22/2019,3832.9,6D300ABH65P725391,LIBERTY,2003,high volume cylinder; pickup; ,Jeep,Very Good,Sedan,125635,Purple,user10,hmontezuma@donware.com,6744378134,648 12-street,North Las Vegas,CA,54125,A4363352704,Adell,Leinenbach,,,,,,33
Purchase,3/20/2019,19398.24,6GHR6AAGP36983674,3 SPORT,2013,high quality carburetor; ,MAZDA,Excellent,Van,4232,Claret,user14,dperin@doncon.com,1680591543,8884 9-street,Sacramento,CA,56712,D1162502438,Lili,Farrar,,,,,,216
Purchase,1/19/2019,4428.77,6HKQMAEQ5PA690783,PATRIOT,2011,supernew catalytic converter; ,Jeep,Good,Sedan,29506,Claret;Pink;Purple,user22,hauffrey@domzoom.com,5571476773,7876 13-street,Anchorage,CA,60946,C6972781026,Ma,Yum,,,,,,186
Purchase,5/8/2019,2415,6KSCMBLK5DZ055754,IMPREZA,2002,best radiator; ,Subaru,Fair,Convertible,27610,Green,user04,ndilliard@hottechi.com,5753398951,9510 18-street,Long Beach,MO,9794,B3621247910,Edna,Wolny,,,,,,90
Purchase,6/20/2019,13299.72,6PSJQWZYS2J443879,XK,2015,detail; ,Jaguar,Fair,Minivan,6828,Aluminum,user24,rskulski@sonron.com,4584955666,3367 4-street,Madison,TX,13950,B5930662838,Latrice,Claucherty,,,,,,111
Purchase,5/27/2019,6614.27,73MVKB63GMJ964569,GALANT,2004,best sedan; ,Mitsubishi,Fair,SUV,6381,Claret,user12,lehmann@dontechi.com,3963753798,7687 5-street,Atlanta,CO,18500,,,,53-2746024,Warephase,Hoa,Varriano,Associate Director M1,300
Purchase,6/28/2019,1504.37,7A13XEM0IMF171736,LOBO,2013,innovative air bags; front axle assembly; ,Ford,Excellent,Van,66160,Rust,user10,oostrosky@faxquote.com,1020207641,1895 11-street,Fort Worth,TX,54411,D7757448068,Merilyn,Maile,,,,,,247
Purchase,6/9/2019,4065.16,7F3L3GAY4BB268957,CANYON,2005,good gear; all passive safety features; high quality carburetor; ,GMC,Fair,Sedan,119148,Tan,user24,kkippley@stanredtax.com,4902392607,1228 6-street,Hialeah,NV,21726,C9808620269,Martina,Lietz,,,,,,210
Purchase,2/11/2019,2789.29,7FT34LPXEKD855738,MT55,2009,,Freightliner,Very Good,Coupe,96640,Rose,user04,ljurney@konmatfix.com,6596733592,6627 16-street,Charlotte,NC,38430,A6482150674,Daniela,Mai,,,,,,45
Purchase,6/13/2019,5207.53,7T0CI3XEYJA004139,COMPASS,2019,super new ignition system; ,Jeep,Excellent,Coupe,21140,Metallic,user10,,1326205709,8257 14-street,Norfolk,NC,96993,,,,60-8943972,Iselectrics,Golda,Raymo,Senior Director L2,305
Purchase,3/14/2019,2908.42,7W7UDF3KP41966929,ESCALADE EXT,2003,great rpms; station wagon (Also known as wagon.); ,Cadillac,Excellent,SUV,54990,Blue,user05,yfelger@groovestreet.com,706470748,2680 7-street,Baltimore,OK,83300,B9167611164,Mitsue,Diestel,,,,,,140
Purchase,1/13/2019,8941.69,7Y1EAHONCCS732936,CALIBER,2012,best suspension; ,Dodge,Very Good,Minivan,8247,Metallic,user14,lbevelacqua@konmatfix.com,5588339447,7730 4-street,Tampa,HI,19012,,,,88-2511678,Inity,Olive,Lueckenbach,Director R4,263
Purchase,4/29/2019,3310.51,7YCPTKZS5B3163969,TRX500FE FOURTRAX FOREMAN 4X4 ES,2008,,Honda,Very Good,Convertible,38273,Silver,user05,tbachman@konex.com,7577634102,237 5-street,St. Louis,CA,43201,C4429219457,Rhea,Pontoriero,,,,,,174
Purchase,4/3/2019,5637.62,8BPZY476GS8852305,MKS,2015,,Lincoln,Fair,Convertible,21882,Brown,user02,nperez@blackzim.com,8502719603,2904 21-street,Memphis,TN,41308,D5555586904,Annmarie,Royster,,,,,,239
Purchase,4/11/2019,5786.99,8C76DYYDYJU989849,SRX,2008,can be used as sports car; ,Cadillac,Fair,Sedan,8910,Red,user22,ckolmetz@warephase.com,4265505072,8251 15-street,Arlington,LA,83488,,,,53-5128822,Iselectrics,Emerson,Mirafuentes,Associate Fellow M2,283
Purchase,5/20/2019,2713.27,8CPKHCHU2W7031895,FORTWO,2005,no redline; ,smart,Very Good,Truck,139625,Beige,user24,yfelger@groovestreet.com,706470748,2680 7-street,Baltimore,OK,83300,B9167611164,Mitsue,Diestel,,,,,,145
Purchase,3/23/2019,4526.77,8FX05ZAH64B316440,AZERA,2009,wide transaxle; ,Hyundai,Fair,SUV,79100,Copper,user07,ibrucato@stanredtax.com,4968436811,5872 2-street,Santa Ana,MO,63822,,,,35-0728111,Fasehatice,Chantell,Kulzer,Director R7,279
Purchase,1/8/2019,1893.28,8HJHTFE0FGU264640,MT45,2006,innovative air bags; ,Freightliner,Very Good,Minivan,28290,Turquoise,user24,cacey@nam-zim.com,1353591607,3638 10-street,Houston,TX,87596,C9736973233,Joesph,Haufler,,,,,,206
Purchase,4/13/2019,1289.43,A1NW00GFYRY803793,G35,2003,great rpms; ,INFINITI,Fair,Convertible,93475,Rust,user04,jdemesa@scottech.com,8898240201,9597 6-street,Garland,FL,23856,C3686964342,Josphine,Degroot,,,,,,167
Purchase,5/13/2019,5974.61,A2YAQD6KDWM503404,FORTWO,2011,detail; ,smart,Very Good,SUV,6490,Metallic,user24,xscheyer@warephase.com,6799503633,4826 21-street,Baltimore,OK,48572,,,,39-7861291,Plexzap,Carey,Mconnell,Associate Director L4,294
Purchase,2/1/2019,4696.5,ABCX0O07N6F519334,575 M MARANELLO,2005,original equipment manufacturer (OEM) parts; modern dashboard; high torque; ,Ferrari,Excellent,Sedan,107835,Black,user07,tbartolet@xx-holding.com,2122687338,8458 18-street,Nashville-Davidson,MD,64729,,,,75-7314641,Openlane,France,Gleich,Manager R3,266
Purchase,2/26/2019,2514.25,AFTWPBMU2TA534019,ESPRIT,2004,air filtration system; ,Lotus,Fair,Coupe,67542,Navy,user06,xgochal@donquadtech.com,4752675684,8284 1-street,Tucson,CA,49195,C4179179446,Alyce,Hauenstein,,,,,,171
Purchase,1/13/2019,1186.75,AI51SMWRVBH997689,MERIVA,2008,ultra new transmission; ,Chevrolet,Very Good,Van,102980,Copper,user10,abitsuie@xx-zobam.com,720363016,7156 12-street,Plano,NV,90870,B2116633076,Wilda,Fritz,,,,,,81
Purchase,1/17/2019,5103.38,AKHFEO0D1D4893889,FE-SP,2004,wide cam; ,Mitsubishi,Fair,Truck,3544,Silver,user03,gcomnick@conecom.com,4869498938,7817 19-street,Memphis,TN,6064,,,,43-0143820,Plussunin,Tresa,Liukko,Associate Fellow R3,264
Purchase,6/25/2019,3777.03,AN86IKI83LD618280,TT,2001,innovative air bags; automatic valves; ,Audi,Fair,Convertible,23400,Brown;Red,user12,fschemmer@toughzap.com,1295867444,8540 3-street,Anaheim,CA,89578,,,,80-2924796,J-Texon,Twana,Rulapaugh,Researcher R5,309
Purchase,5/21/2019,14937.51,ASBUY3C1GYP443816,3 SPORT,2010,manual transmission; ,MAZDA,Fair,Coupe,5513,White,user10,alorens@zencorporation.com,7702201434,564 7-street,Phoenix,AZ,30761,,,,41-5753983,Xx-zobam,Vilma,Bartolet,Senior Director R9,299
Purchase,4/12/2019,3413.61,ATWA3W65LU2848535,PRIUS V,2015,hatchback; air filtration system; ,Toyota,Good,Minivan,12702,Bronze,user05,bsaylors@codehow.com,1587263688,6008 14-street,Honolulu,CO,96626,A8107181602,Norah,Gleich,,,,,,55
Purchase,3/29/2019,2713.27,AZCPHC4R1RY522608,FORTWO,2007,,smart,Fair,SUV,130284,Metallic,user05,lrantanen@plusstrip.com,2702089410,5202 20-street,Fort Worth,TX,91740,B0664933596,Weldon,Gehrett,,,,,,71
Purchase,4/6/2019,4745.57,B2JQXKMCCJ3730138,CADDY,2018,automatic torque converter; ,Volkswagen,Fair,Van,77568,Navy,user03,lrhoden@golddex.com,247749496,8102 19-street,Los Angeles,CA,14989,A8352857373,Felicidad,Discipio,,,,,,60
Purchase,4/5/2019,5515.15,B3V53WEVPX7253102,ENCLAVE,2012,best sedan; ,Buick,Fair,Convertible,30759,Aluminum;Claret;Orange,user24,svinning@domzoom.com,1455563822,712 19-street,Houston,TX,4775,C0188223064,Mitsue,Tomasulo,,,,,,148
Purchase,5/2/2019,1314.54,BHVL8OFSZ0G423785,VT1100C SHADOW SPIRIT,2005,manual transmission; ,Honda,Fair,Convertible,30246,Copper,user05,nsemidey@blackzim.com,5466289697,5274 2-street,New York,NY,5501,D5653451679,Van,Comnick,,,,,,241
Purchase,1/5/2019,1943.06,BMMT70O7FLR864961,GALLARDO,2013,sturdy side impact beams; ,Lamborghini,Excellent,Sedan,41550,Gray,user04,arentfro@domzoom.com,618710071,6729 13-street,Henderson,NE,7428,,,,17-8311836,Warephase,Raymon,Wenner,Researcher M4,261
Purchase,1/18/2019,1580.99,BNWE37HKK6A465562,GIULIETTA,2019,coupe; ,Romeo,Fair,Van,58848,Bronze;Navy;Purple,user02,tfunnell@zoomit.com,5201367484,3334 8-street,Austin,TX,72284,C9903567737,Linn,Hollack,,,,,,213
Purchase,4/18/2019,2280.75,BX1OSN5TZYU191007,SONATA,2010,manual transmission; ,Hyundai,Excellent,Sedan,23424,Beige,user10,estockham@y-corporation.com,6460745453,6657 14-street,Dallas,TX,44760,,,,97-4309225,Bioplex,Janine,Baltimore,Senior Manager L2,286
Purchase,5/28/2019,3860.53,C0VHQRA5CIO857811,ARNAGE,2003,coupe; ,Bentley,Excellent,SUV,63870,Silver,user07,tregusters@ganjaflex.com,5341057929,9675 2-street,Jersey City,CA,70105,B3716300300,Art,Degroot,,,,,,93
Purchase,1/12/2019,3957.56,C1OCSTQ1VP0823459,XFR-S,2017,original equipment manufacturer (OEM) parts; drum brake; convertible; ,Jaguar,Fair,Minivan,104976,Metallic,user06,ebarfield@betasoloin.com,7269642762,2150 20-street,San Francisco,CA,69842,D7934013852,Lavonna,Good,,,,,,250
Purchase,5/31/2019,1081.52,C4QIGI5R0PE739600,OUTLANDER,2004,autotachometer; automatic torque converter; ,Mitsubishi,Excellent,Convertible,76236,Gold,user05,chellickson@donware.com,7771651721,1196 18-street,Wichita,TX,27818,B6894388117,Wynell,Swayze,,,,,,127
Purchase,1/24/2019,10194.44,CHA3G8GE21K992177,SUBURBAN 1500,2017,broad wheelbase; crankcase; ,Chevrolet,Fair,Truck,12174,Beige,user05,,1107569648,5135 21-street,Los Angeles,CA,16330,B7825808469,Glendora,Ennaco,,,,,,132
Purchase,3/1/2019,4323.66,CNXWEAHRICK569430,WRANGLER,2006,four-wheel drive; ,Jeep,Good,Coupe,62856,Blue,user02,sweight@dalttechnology.com,5857219334,5406 12-street,Santa Ana,MO,67088,,,,62-2765556,Kan-code,Truman,Miro,Senior Director L2,272
Purchase,3/16/2019,6204.52,CQCKR5VZRWO844951,COOPER,2003,no understeer; ,MINI,Very Good,Coupe,6276,Copper;Metallic;Yellow,user02,yfelger@groovestreet.com,706470748,2680 7-street,Baltimore,OK,83300,B9167611164,Mitsue,Diestel,,,,,,141
Purchase,6/15/2019,3860.53,E5WGL31NMNQ304399,ARNAGE,2002,engine displacement; ,Bentley,Good,SUV,25840,Rust;Turquoise,user22,tbachman@konex.com,7577634102,237 5-street,St. Louis,CA,43201,C4429219457,Rhea,Pontoriero,,,,,,178
Purchase,2/12/2019,1799.1,E64AFHYM7CM667399,AZURE,2010,front wheel drive; fuel injection; Automotive Service Excellence (ASE); ,Bentley,Good,Convertible,84966,Gold;Maroon,user22,,7150655947,9534 1-street,Glendale,TX,71607,C1394323936,Aliza,Meisel,,,,,,158
Purchase,4/28/2019,1702.1,E8MFMML51CM701156,PALIO,2007,all passive safety features; ,FIAT,Fair,Van,26844,Brown,user14,lcorbley@goodsilron.com,1734123340,9429 5-street,Irvine,NC,23551,,,,38-5715366,J-Texon,Louvenia,Bevelacqua,Senior Director L4,291
Purchase,1/14/2019,1628.69,EAJW0OF78HV386515,SPRINTER 3500,2002,,Freightliner,Very Good,Coupe,129480,Orange,user18,lmonarrez@doncon.com,6568801094,6786 21-street,Scottsdale,NV,80515,A1543433846,Lenna,Skulski,,,,,,10
Purchase,3/3/2019,6133.26,EBZZN84J0L1163524,RAM 2500 TRUCK,2003,Automotive Service Excellence (ASE); ,Dodge,Good,Van,19605,Aluminum,user24,mdilello@openlane.com,9342834158,5573 7-street,Bakersfield,FL,54549,D1451097081,France,Figeroa,,,,,,218
Purchase,2/14/2019,2084.82,EFUWNBMO3TM316916,ELISE,2011,automatic safety features; ,Lotus,Good,Van,158818,Copper,user18,dyglesias@silis.com,3845738997,840 4-street,Oakland,MN,18815,,,,15-6515230,Yearin,Taryn,Slayton,SalesRep L5,270
Purchase,1/25/2019,3860.53,EMARJQJLUEI221810,ARNAGE,2001,normally aspirated; ,Bentley,Very Good,Minivan,50919,Blue,user12,ljurney@konmatfix.com,6596733592,6627 16-street,Charlotte,NC,38430,A6482150674,Daniela,Mai,,,,,,44
Purchase,4/17/2019,6877.05,ENHQ8WS125F354364,TSX,2010,manual transmission; ,Acura,Good,Van,4884,White,user22,jlindall@kinnamplus.com,1267381896,2802 21-street,North Las Vegas,CA,82749,,,,12-2459515,Nam-zim,Lonny,Marrier,SalesRep M9,285
Purchase,4/11/2019,1058.52,EVDJMOIDNRC331823,FORFOUR,2005,all passive safety features; ,smart,Fair,Coupe,17826,Cream,user18,chellickson@donware.com,7771651721,1196 18-street,Wichita,TX,27818,B6894388117,Wynell,Swayze,,,,,,126
Purchase,5/5/2019,2362.93,F5BABPZQD3I737349,ASTRO,2003,Automotive Service Excellence (ASE); high torque; ,Chevrolet,Fair,Van,139336,Claret,user24,lrhoden@golddex.com,247749496,8102 19-street,Los Angeles,CA,14989,A8352857373,Felicidad,Discipio,,,,,,61
Purchase,6/22/2019,3317.1,F6TVSMY2L2Z886673,ML400,2015,great rpms; hydraulic brakes; ,Mercedes-Benz,Very Good,Convertible,57190,Purple,user18,bfrey@goodsilron.com,2216937687,9526 8-street,Anchorage,CA,9544,,,,34-9450658,Finhigh,Mollie,Nestle,Senior Manager R8,306
Purchase,1/4/2019,5239.03,FRCY3VYNL42885570,GRANSPORT,2007,superturbocharger; ,Maserati,Good,Convertible,67992,Metallic,user12,rskulski@sonron.com,4584955666,3367 4-street,Madison,TX,13950,B5930662838,Latrice,Claucherty,,,,,,108
Purchase,5/16/2019,1628.69,FWOYW8SJUH7074597,SPRINTER 3500,2003,pickup; ,Freightliner,Very Good,Convertible,58928,Maroon,user03,bgellinger@green-plus.com,4935277297,8904 1-street,Honolulu,CO,22824,C8771937989,Thaddeus,Lawler,,,,,,203
Purchase,5/29/2019,8510.23,FZ1HFZ585WR955503,AVIATOR,2004,high quality carburetor; ,Lincoln,Good,Minivan,99636,Aluminum,user10,ykonopacki@plusstrip.com,4303290648,1138 17-street,St. Petersburg,AZ,99882,B4645539147,Lili,Arias,,,,,,97
Purchase,5/18/2019,1845.32,G33VJW8N2FY389186,B2300,2001,broad wheelbase; drive shaft; high block; ,MAZDA,Good,Minivan,4738,Red,user14,ckolmetz@warephase.com,4265505072,8251 15-street,Arlington,LA,83488,,,,53-5128822,Iselectrics,Emerson,Mirafuentes,Associate Fellow M2,296
Purchase,1/5/2019,1810.03,GB5EB3AIUD0242483,760LI,2014,automatic torque converter; high block; ,BMW,Good,Coupe,42293,Rust,user02,lrhoden@golddex.com,247749496,8102 19-street,Los Angeles,CA,14989,A8352857373,Felicidad,Discipio,,,,,,57
Purchase,3/10/2019,1471.48,GBA0V3Z00JI851102,GRANTURISMO,2011,autotachometer; modern dashboard; ,Maserati,Good,Van,118476,Brown,user06,hauffrey@sunnamplex.com,3880267245,3597 2-street,Fort Worth,TX,16909,,,,34-4111553,Labdrill,Alease,Regusters,Researcher L3,275
Purchase,3/3/2019,3508.2,GC225MTL5DF831250,CAYMAN,2015,coupe; best suspension; ,Porsche,Good,Sedan,10299,Blue,user24,jfern@bioplex.com,3742674013,793 8-street,New York,NY,99051,A2840015188,Skye,Estell,,,,,,25
Purchase,3/2/2019,3249.68,GKTLIDKGMZ6109105,DBS,2008,good gear; ,Aston,Very Good,Minivan,7135,Cream;Green;White,user03,amaybury@finhigh.com,368278690,3899 6-street,Boise City,VA,23115,B4913696298,Raylene,Zepp,,,,,,105
Purchase,2/1/2019,7929.93,H0SVSC0X1W0660350,EXPRESS 4500,2013,high differential; automatic valves; ,Chevrolet,Excellent,Coupe,37800,Black;Gray,user04,mmalvin@funholding.com,4940003129,4019 5-street,Aurora,CA,53539,A4237394300,Shenika,Kines,,,,,,30
Purchase,5/23/2019,1611.62,H130KLLOZLY973998,ROADSTER,2009,rack and pinion steering; ,Tesla,Very Good,Minivan,111596,Rust,user14,svinning@domzoom.com,1455563822,712 19-street,Houston,TX,4775,C0188223064,Mitsue,Tomasulo,,,,,,149
Purchase,1/5/2019,1288.83,H7PM7E5LCY5894305,TT QUATTRO,2002,unibody construction; ,Audi,Very Good,Convertible,33935,Rose;Rust;Turquoise,burdell,sisaacs@goodsilron.com,7180122511,3397 3-street,Denver,CO,91136,D6463541439,Lizbeth,Foller,,,,,,243
Purchase,4/5/2019,4613.71,I6M6GMQGG7C407268,COOPER,2007,sport utility vehicle-SUV; best sedan; broad wheelbase; ,MINI,Fair,Coupe,99910,Turquoise,user02,hauffrey@sunnamplex.com,3880267245,3597 2-street,Fort Worth,TX,16909,,,,34-4111553,Labdrill,Alease,Regusters,Researcher L3,281
Purchase,1/21/2019,1742.08,I7CVVBU08H1044370,EOS,2008,disc brake; gap; ,Volkswagen,Fair,Sedan,49142,Cream,user05,ijayson@cancity.com,9353320487,7754 16-street,Charlotte,NC,89983,C7731551051,Larae,Thyberg,,,,,,195
Purchase,1/10/2019,1886.05,IB3FDW7VPTE357125,CALIFORNIA,2011,disc brake; crankcase; ,Ferrari,Good,Van,55068,Purple,user06,eschieler@blackzim.com,8468971957,6810 18-street,Indianapolis,IN,13749,B7658453163,Cyndy,Gochal,,,,,,129
Purchase,6/19/2019,2989.44,IHCVQSL87UO415387,WRX STI,2015,minivan; unibody construction; ,Subaru,Good,Minivan,189940,Metallic,user18,wbreland@konmatfix.com,5788081288,2359 5-street,Oklahoma City,KY,68456,C1317447002,Franklyn,Kaniecki,,,,,,156
Purchase,3/26/2019,1527.52,IKUQE1AIER1879688,RL,2002,engine displacement; power train; ,Acura,Good,Sedan,57900,Maroon,user10,hcaiafa@codehow.com,1382305220,7260 3-street,Sacramento,CA,45101,,,,26-0493429,Silis,Kanisha,Rowling,Director M3,280
Purchase,2/2/2019,4710.71,IOCT8QVK86C997015,CONTINENTAL,2012,,Bentley,Good,Minivan,98400,Copper,user22,dkaniecki@funholding.com,692888034,142 16-street,Los Angeles,CA,70143,,,,73-9308544,Cancity,Irma,Monarrez,Manager R8,267
Purchase,5/27/2019,1897.41,JAH4TXSVFRZ937654,POINTER,2004,wide transaxle; ,Volkswagen,Good,Van,83052,White,user14,tfrerking@plexzap.com,2977557657,7175 16-street,Cincinnati,MN,17189,C7245495659,Oretha,Bowley,,,,,,192
Purchase,6/8/2019,6393.04,JB6TJOH3G13545501,INTEGRA,2001,super new ignition system; ,Acura,Very Good,Coupe,2998,Navy,user14,dmiro@rundofase.com,527694166,1297 8-street,Raleigh,FL,54202,,,,09-2477131,year-job,Jerry,Darakjy,Scientist L2,304
Purchase,4/30/2019,2053.04,JGARQY7YBFD847126,SEDAN,2002,air filtration system; broad wheelbase; ,Volkswagen,Excellent,Convertible,21752,Pink,burdell,akusko@zencorporation.com,7397974944,3583 21-street,Houston,TX,61159,B6520528449,Donette,Felger,,,,,,119
Purchase,5/18/2019,3075.55,JVT2Q6U7HLH559100,SPIDER,2007,,Alfa,Very Good,Van,2485,Metallic,user06,ngiguere@silis.com,2831852567,9998 18-street,Nashville-Davidson,MD,74375,D0838982647,Sylvia,Kohnert,,,,,,215
Purchase,2/18/2019,4197.79,JVUFO2OOZH6501609,PASSAT,2017,sturdy rear axle assembly; ,Volkswagen,Good,Convertible,33075,Gold;Pink;Silver,user18,cgibes@dontechi.com,1859590014,5092 20-street,Tulsa,OH,36477,C7821395607,Glendora,Rodeigues,,,,,,198
Purchase,2/17/2019,3860.53,K23GQ1HYKID336715,ARNAGE,2009,automatic safety features; ,Bentley,Excellent,Convertible,43530,Brown;Navy,user14,faquas@scottech.com,1387530559,5376 2-street,Arlington,LA,78037,A3747937972,Leatha,Batman,,,,,,28
Purchase,4/26/2019,3328.14,K5ZQ65X47KU986899,ELDORADO,2001,minivan; ,Cadillac,Fair,SUV,66910,Turquoise,user12,tbartolet@xx-holding.com,2122687338,8458 18-street,Nashville-Davidson,MD,64729,,,,75-7314641,Openlane,France,Gleich,Manager R3,289
Purchase,6/2/2019,2511.35,K6NPKFWC2DG818634,TL,2004,hydraulic brakes; drum brake; ,Acura,Very Good,Coupe,77212,Green,user12,mmalvin@funholding.com,4940003129,4019 5-street,Aurora,CA,53539,A4237394300,Shenika,Kines,,,,,,31
Purchase,6/26/2019,4786.67,KG6S1KYGKY7383089,MAXIMA,2012,gap; ,Nissan,Excellent,Minivan,101450,Black,user10,lgillaspie@zencorporation.com,9991476373,9349 13-street,Reno,VA,3955,A8940446385,Annelle,Reiber,,,,,,62
Purchase,1/26/2019,5239.03,KIYTRMRZHSZ939929,GRANSPORT,2007,,Maserati,Excellent,Truck,91502,Beige,user07,kfarrow@gogozoom.com,663692676,2241 9-street,St. Paul,OH,9779,A0519346932,Sarah,Pawlowicz,,,,,,1
Purchase,2/13/2019,1540.62,KRDZJUDE7EC973298,COUPE,2003,can be used as sports car; ,Maserati,Very Good,SUV,32130,Gray;Maroon,user22,lrhoden@golddex.com,247749496,8102 19-street,Los Angeles,CA,14989,A8352857373,Felicidad,Discipio,,,,,,58
Purchase,4/7/2019,2923.65,KSC5NS2WX0Q021711,G37,2012,drum brake; ,INFINITI,Very Good,Van,14726,Navy,user14,oostrosky@faxquote.com,1020207641,1895 11-street,Fort Worth,TX,54411,D7757448068,Merilyn,Maile,,,,,,246
Purchase,5/12/2019,1460.49,L075CLEGAGV332326,RX330,2004,four-wheel drive; drive shaft; ,Lexus,Good,Van,61175,Turquoise,user22,cacey@nam-zim.com,1353591607,3638 10-street,Houston,TX,87596,C9736973233,Joesph,Haufler,,,,,,207
Purchase,1/9/2019,3928.36,L2G40AKW0DV261314,SONATA,2003,wide chassis; drum brake; ,Hyundai,Excellent,Coupe,4388,Pink,user14,scomnick@streethex.com,4915233597,3460 15-street,Chicago,IL,61708,A6819485677,Mariann,Burnard,,,,,,47
Purchase,4/26/2019,3257.21,L8CKHAJ376Q732997,RX400H,2008,automatic safety features; ,Lexus,Very Good,Sedan,7152,Blue,user18,dsarao@golddex.com,3331922115,4454 14-street,Buffalo,NJ,98345,B6148685373,Mireya,Sawchuk,,,,,,115
Purchase,2/14/2019,1456.06,LAW66TO51NY340329,TRX500FGA FOURTRAX FOREMAN RUBICON,2008,gap; no backfire/backfiring; ,Honda,Very Good,Sedan,129900,Turquoise,user24,nschemmer@zencorporation.com,1678547402,3726 8-street,Baltimore,OK,33994,C3670850732,Alishia,Latzke,,,,,,164
Purchase,5/8/2019,1140.78,LEWHC17RSR2225266,MARK LT,2007,coupe; ,Lincoln,Excellent,Coupe,22948,Brown,user05,dbrucato@plexzap.com,1325956157,8359 17-street,Colorado Springs,NE,37713,,,,38-0990951,Lexiqvolax,Carmela,Scipione,Fellow R7,293
Purchase,3/2/2019,9918.03,LMC0DXV2F72475134,OUTBACK,2018,best oil pump; ,Subaru,Very Good,Minivan,13130,Brown,user14,epalaspas@stanredtax.com,6422597429,7367 5-street,Minneapolis,OK,78814,,,,00-6186900,Labdrill,Olive,Kiel,Manager L3,273
Purchase,5/5/2019,1496.62,LN7ZMWGACVJ434473,SAVANA 3500,2016,innovative air bags; ,GMC,Good,Van,53772,Turquoise,user10,sweight@dalttechnology.com,5857219334,5406 12-street,Santa Ana,MO,67088,,,,62-2765556,Kan-code,Truman,Miro,Senior Director L2,292
Purchase,4/24/2019,1119.53,LXLYHOV4G1Z722469,EXPRESS 3500,2018,normally aspirated; ,Chevrolet,Good,SUV,167240,Black;Orange,user12,cbenimadho@newex.com,3317859541,6150 17-street,Norfolk,NC,3321,C4376643077,Earleen,Onofrio,,,,,,173
Purchase,6/1/2019,8427.4,M58W6OQD1J3561088,BOXSTER,2001,,Porsche,Excellent,Truck,64527,Purple,user07,alorens@zencorporation.com,7702201434,564 7-street,Phoenix,AZ,30761,,,,41-5753983,Xx-zobam,Vilma,Bartolet,Senior Director R9,302
Purchase,5/10/2019,4526.77,M6J2KWLLUKW587077,AZERA,2011,,Hyundai,Very Good,Sedan,73801,Turquoise,user18,afillingim@kan-code.com,9963348430,8691 9-street,Indianapolis,IN,6705,C0640712551,Talia,Keetch,,,,,,151
Purchase,5/4/2019,1901.88,MBKMABQOONK563483,SOUL,2019,original equipment manufacturer (OEM) parts; ,Kia,Fair,Van,87548,Tan,user12,jlukasik@xx-holding.com,4184402236,9487 7-street,Cleveland,KS,17954,B8740149731,Micaela,Cookey,,,,,,138
Purchase,5/4/2019,1307.49,MT0OEZQ7C5Q035531,DB9,2013,front wheel drive; ,Martin,Fair,Coupe,97620,Red,user02,khalter@betatech.com,3232843344,6938 7-street,Albuquerque,AZ,92207,D2619628333,Junita,Walthall,,,,,,230
Purchase,1/21/2019,3426.16,MW6HGX7M6O4186962,V8 VANTAGE,2011,,Aston,Fair,Convertible,2092,Beige;Pink;White,user10,ebaltimore@singletechno.com,5858632305,6792 5-street,Jacksonville,FL,71766,A2628970055,Cristy,Acey,,,,,,21
Purchase,5/27/2019,4613.71,MW7W375RHHU707116,COOPER,2015,rear wheel drive; ,MINI,Good,Van,51504,Aluminum,user07,yturinetti@j-texon.com,1252295282,5310 19-street,Cincinnati,MN,83089,B0118879496,Sylvia,Kitty,,,,,,66
Purchase,1/26/2019,2333.65,MXF3EGT2PAG490479,FORESTER,2008,good piston; ,Subaru,Very Good,Coupe,42500,Orange,user18,lehmann@dontechi.com,3963753798,7687 5-street,Atlanta,CO,18500,,,,53-2746024,Warephase,Hoa,Varriano,Associate Director M1,265
Purchase,5/31/2019,3476.61,MYX14D30CZI581341,Q5,2013,check the Monroney sticker - there is nothing better than this vehicle; repair,Audi,Good,Van,6777,Pink,burdell,nschemmer@zencorporation.com,1678547402,3726 8-street,Baltimore,OK,33994,C3670850732,Alishia,Latzke,,,,,,165
Purchase,1/3/2019,4506.41,N5VAEVB47M5598208,ROADSTER,2009,anti-lock brake system (ABS); ,Tesla,Excellent,Minivan,1519,Rose,user03,amaybury@finhigh.com,368278690,3899 6-street,Boise City,VA,23115,B4913696298,Raylene,Zepp,,,,,,104
Purchase,3/15/2019,2892.29,NNLD761PGMY686484,FL80,2005,hydraulic brakes; good gear; sturdy rear axle assembly; ,Freightliner,Fair,Minivan,23613,Gray,user22,chollack@zoomit.com,8799619111,3224 16-street,Sacramento,CA,24724,B4761949869,Oretha,Cork,,,,,,102
Purchase,4/19/2019,5637.62,NQC3ODNRG8W618383,MKS,2011,,Lincoln,Excellent,SUV,106985,Copper,user05,ckolmetz@warephase.com,4265505072,8251 15-street,Arlington,LA,83488,,,,53-5128822,Iselectrics,Emerson,Mirafuentes,Associate Fellow M2,287
Purchase,4/2/2019,1844.72,NVDV1HTYNUU168147,R1200CL,2005,automatic safety features; ,BMW,Fair,Van,63324,Yellow,user07,ebaltimore@singletechno.com,5858632305,6792 5-street,Jacksonville,FL,71766,A2628970055,Cristy,Acey,,,,,,24
Purchase,2/28/2019,3789.23,OOXPL1JMKRX336822,612 SCAGLIETTI,2010,manual transmission; normally aspirated; ,Ferrari,Good,Convertible,32888,Rust,user02,lhalter@openlane.com,3539684893,350 5-street,Colorado Springs,NE,8954,B1467621707,Arlette,Arias,,,,,,75
Purchase,5/31/2019,2562.9,OUIFCWSPPHR650293,GENESIS,2011,modern dashboard; ,Hyundai,Good,Convertible,27801,Beige;Red;Silver,user12,ahidvegi@scotfind.com,4693228016,5887 16-street,Mesa,VA,78558,B8617696591,Helaine,Maclead,,,,,,136
Purchase,5/5/2019,5422.02,OUXQFNQE2K7274854,740I,2015,engine displacement; ,BMW,Excellent,Sedan,105308,Pink,user05,sgiguere@finjob.com,3963308236,3394 11-street,Virginia Beach,GA,21078,B1872571043,Elvera,Flosi,,,,,,78
Purchase,6/9/2019,1922.79,P7UUVOVKPTD080947,QUATTROPORTE,2007,,Maserati,Fair,SUV,48335,Orange,user18,tmconnell@zumgoity.com,213399946,438 4-street,Riverside,TX,71675,B1897119906,Filiberto,Limmel,,,,,,80
Purchase,6/1/2019,4603.38,PC02G0A675B935953,CANTER FE180,2012,detail; ,Mitsubishi,Very Good,Van,4566,Turquoise,user10,asweigard@kinnamplus.com,9621955506,5737 4-street,Boston,TN,73659,,,,25-8509075,Zencorporation,Eun,Bolognia,Senior Director M3,303
Purchase,4/30/2019,2065.91,PEXVHDHEYM7282767,DBS,2009,best radiator; ,Aston,Very Good,Truck,44320,Brown,user18,khalter@betatech.com,3232843344,6938 7-street,Albuquerque,AZ,92207,D2619628333,Junita,Walthall,,,,,,228
Purchase,6/25/2019,2204.83,PHTKITC5C1H921363,458 ITALIA,2012,great engine; ,Ferrari,Fair,Convertible,85628,Tan,user07,,9481709095,703 20-street,Fort Worth,TX,58757,D3829841679,Shawna,Vizarro,,,,,,233
Purchase,5/3/2019,2065.91,PUVTYE6IVGN271318,DBS,2011,rear wheel drive; ,Martin,Fair,Convertible,78935,White,user05,dgalam@lexiqvolax.com,9796761201,2852 9-street,Reno,VA,59227,A6434991693,Truman,Strassner,,,,,,42
Purchase,5/16/2019,1307.49,QHUYKEFC12W678012,DB9,2012,power train; ,Martin,Excellent,Truck,193286,Black,user06,lshinko@plussunin.com,9509224748,4666 10-street,Boston,TN,61462,A7690497079,Sylvia,Kusko,,,,,,51
Purchase,1/9/2019,2562.9,QNGJBXZ0ZPN690169,GENESIS,2016,sturdy rear axle assembly; moonroof,Hyundai,Fair,Van,68300,Bronze,user22,dsarao@golddex.com,3331922115,4454 14-street,Buffalo,NJ,98345,B6148685373,Mireya,Sawchuk,,,,,,113
Purchase,6/28/2019,2647.13,R56SEOUUT0R265399,MURCIELAGO,2003,good piston; ,Lamborghini,Very Good,Van,26791,Yellow,user18,tradde@stanredtax.com,291639883,196 14-street,San Diego,CA,63845,B6645695262,Jose,Calvaresi,,,,,,122
Purchase,5/17/2019,1787.36,RUAW8E8S2SA826885,TITAN,2008,automatic safety features; ,Nissan,Fair,Minivan,154050,Rose,user07,bsaylors@codehow.com,1587263688,6008 14-street,Honolulu,CO,96626,A8107181602,Norah,Gleich,,,,,,56
Purchase,1/6/2019,4764.39,RZ64Q4VF3EC682670,HIACE,2011,Comes with a roof rack,Toyota,Excellent,Convertible,143278,Aluminum;Cream;Rust,user06,ejuhas@warephase.com,7732242202,9582 11-street,Seattle,WA,96264,C3304949185,Gail,Scheyer,,,,,,163
Purchase,5/19/2019,1685.53,S7OOZE7TI6U419267,FX35,2012,front axle assembly; active safety features; supernew catalytic converter; ,INFINITI,Fair,Sedan,136516,Claret;Gold,user18,rblackwood@y-corporation.com,8606030011,4833 11-street,Austin,TX,2720,,,,25-2484659,Groovestreet,Paz,Blunk,Senior Director R8,297
Purchase,4/20/2019,1700.99,SEXWGCZNLS4439650,BROOKLANDS,2009,crankcase; ,Bentley,Good,Sedan,176955,Beige;Gold;Tan,user07,jfern@bioplex.com,3742674013,793 8-street,New York,NY,99051,A2840015188,Skye,Estell,,,,,,26
Purchase,1/1/2019,1482.81,SGEAZM7OHRE981138,Q5,2011,great engine; ,Audi,Excellent,SUV,39759,Metallic,user03,lshinko@plussunin.com,9509224748,4666 10-street,Boston,TN,61462,A7690497079,Sylvia,Kusko,,,,,,50
Purchase,1/22/2019,4197.79,SJV51DZQ416158315,PASSAT,2013,autotachometer;,Volkswagen,Fair,Minivan,176770,Bronze,user06,akusko@zencorporation.com,7397974944,3583 21-street,Houston,TX,61159,B6520528449,Donette,Felger,,,,,,117
Purchase,5/30/2019,6247.86,SROKG0OMKKQ394333,TRACKER,2002,rack and pinion steering; ,Chevrolet,Fair,Convertible,32814,Green,user07,tperin@blackzim.com,718891515,6078 4-street,Anchorage,CA,89677,,,,10-1885341,Betatech,Lai,Shin,Senior Scientist R1,301
Purchase,5/26/2019,2443.25,SWME2EZ3HDD006687,SL55 AMG,2006,great engine; ,Mercedes-Benz,Good,Minivan,13550,Brown,user10,hwaymire@newex.com,9680830274,1130 3-street,Baltimore,OK,28902,B7916407234,Ressie,Hoffis,,,,,,135
Purchase,2/14/2019,1742.08,SX73Y7QKKQF628146,EOS,2012,,Volkswagen,Fair,Minivan,75560,Maroon,user22,jkoppinger@bioplex.com,5596686485,4940 2-street,Anaheim,CA,79483,C6885206034,Jina,Bowley,,,,,,183
Purchase,6/11/2019,4043.46,SZAJTDBI6IL561669,4C,2016,original equipment manufacturer (OEM) parts; ,Alfa,Good,Coupe,101749,Claret,user04,,1577607406,63 19-street,Orlando,FL,68407,B0676368739,Refugia,Riden,,,,,,73
Purchase,5/18/2019,1897.41,T1HO8QC0CE5867880,POINTER,2003,coupe; ,Volkswagen,Excellent,Van,53997,White,user12,kbourbon@scotfind.com,5654051915,3155 3-street,Las Vegas,WI,9573,A6657577671,Lemuel,Kardas,,,,,,46
Purchase,6/29/2019,3181.14,TD5OFRN1LC8601752,RAM 3500 PICKUP,2003,oversteer; overdrive; unibody construction; ,Dodge,Excellent,SUV,39765,Gray,user24,lshinko@plussunin.com,9509224748,4666 10-street,Boston,TN,61462,A7690497079,Sylvia,Kusko,,,,,,54
Purchase,4/25/2019,2628.46,U0PQOVOJXT2453885,GHIBLI,2015,engine displacement; ,Maserati,Good,Coupe,25746,Copper,user04,epalaspas@stanredtax.com,6422597429,7367 5-street,Minneapolis,OK,78814,,,,00-6186900,Labdrill,Olive,Kiel,Manager L3,288
Purchase,6/24/2019,4879.63,U3HSV2KCE0Y319532,YARIS,2012,automatic valves; high block; ,Toyota,Very Good,Sedan,92019,Bronze,user06,apoullion@year-job.com,5133181891,1018 7-street,Newark,TX,25874,,,,37-0917926,Statholdings,Frederica,Lietz,Senior Director L4,307
Purchase,1/25/2019,1741.99,UEHE08QS622862172,PRIUS V,2013,high torque; ,Toyota,Fair,Convertible,20001,White,burdell,jbiddy@iselectrics.com,3761032673,200 18-street,Lincoln,NY,65794,C2448589066,Eden,Mirafuentes,,,,,,161
Purchase,5/11/2019,2628.1,UVVEV0Y7R3V483738,OUTLANDER,2011,automatic transmission; ,Mitsubishi,Fair,Sedan,5350,Beige,user18,hwaymire@newex.com,9680830274,1130 3-street,Baltimore,OK,28902,B7916407234,Ressie,Hoffis,,,,,,133
Purchase,2/14/2019,4469.17,V4JVFR4YRS7140562,GOL SEDAN,2012,best suspension; ,Volkswagen,Fair,Convertible,4266,Green,user12,apinilla@ron-tech.com,2439635928,4911 3-street,Chula Vista,IN,14642,C8694307110,Katina,Monarrez,,,,,,201
Purchase,5/20/2019,1727.68,VDJS4PZ5A22366162,XK8,2005,high torque; ,Jaguar,Fair,SUV,90324,Claret;Turquoise,user07,tperin@blackzim.com,718891515,6078 4-street,Anchorage,CA,89677,,,,10-1885341,Betatech,Lai,Shin,Senior Scientist R1,298
Purchase,2/10/2019,3337.05,VP0U4FNOL1Q272112,MITO,2013,manual transmission; ,Alfa,Fair,SUV,84541,Orange,user18,,3347958726,8743 3-street,Albuquerque,AZ,57095,,,,33-3122572,Blackzim,Dominque,Venere,Senior Scientist M9,268
Purchase,1/2/2019,2908.42,VROU7UEWYWK097688,ESCALADE EXT,2008,anti-lock brake system (ABS); ,Cadillac,Very Good,Minivan,19743,Maroon,user24,hauffrey@domzoom.com,5571476773,7876 13-street,Anchorage,CA,60946,C6972781026,Ma,Yum,,,,,,185
Purchase,1/26/2019,2267.02,VSGK3RYW2TC911641,S40,2002,wide cam; ,Volvo,Good,Sedan,102289,Red,user18,svinning@domzoom.com,1455563822,712 19-street,Houston,TX,4775,C0188223064,Mitsue,Tomasulo,,,,,,147
Purchase,1/6/2019,1801.98,WJENS213H4U188325,CAVALIER,2001,small spark plug gap; ,Chevrolet,Very Good,Sedan,6605,Claret,user02,dsarao@golddex.com,3331922115,4454 14-street,Buffalo,NJ,98345,B6148685373,Mireya,Sawchuk,,,,,,112
Purchase,3/11/2019,4428.77,WJUY8SU2JR0730363,PATRIOT,2017,no redline; ,Jeep,Fair,Minivan,39573,Maroon,user22,ncolla@dambase.com,7577794453,9934 21-street,Oakland,MN,43123,,,,96-4982785,Bioholding,Levi,Chesterfield,Senior Scientist M4,277
Purchase,3/18/2019,2933.15,WMXOWCZE1MO140134,ENDEAVOR,2007,strong muffler; electronic transmission; ,Mitsubishi,Excellent,SUV,38615,Orange,user05,epalaspas@stanredtax.com,6422597429,7367 5-street,Minneapolis,OK,78814,,,,00-6186900,Labdrill,Olive,Kiel,Manager L3,278
Purchase,4/8/2019,1499.65,WN6OY1F26X1741004,F430,2005,original equipment manufacturer (OEM) parts; wide transaxle; convertible; ,Ferrari,Fair,Coupe,51128,Cream,user03,yfelger@groovestreet.com,706470748,2680 7-street,Baltimore,OK,83300,B9167611164,Mitsue,Diestel,,,,,,143
Purchase,6/10/2019,7034.3,WSHBRYQYDCI202435,S7,2014,detail; unibody construction; wide cam; ,Audi,Excellent,Van,19620,Rust,user14,lferencz@streethex.com,6850141056,7582 7-street,Fort Wayne,FL,97639,A0953343682,Helene,Saylors,,,,,,8
Purchase,3/26/2019,4388.65,WSMCQT2QRUX986498,MATRIX,2017,pickup; ,Toyota,Excellent,Van,22538,Aluminum,user18,anunlee@zencorporation.com,4267282394,8575 14-street,Austin,TX,30398,D7279401089,Junita,Miro,,,,,,244
Purchase,2/28/2019,13672.61,X7PFFGNBSQI524327,BOXSTER,2011,Automotive Service Excellence (ASE); detail; ,Porsche,Excellent,SUV,9388,Red,user03,hcaiafa@codehow.com,1382305220,7260 3-street,Sacramento,CA,45101,,,,26-0493429,Silis,Kanisha,Rowling,Director M3,271
Purchase,2/4/2019,1750.43,XG2F8AZ3DKK768039,FORTE KOUP,2016,,Kia,Very Good,Convertible,31600,Metallic;Navy;Rose,user22,bmunns@codehow.com,1974184430,6534 7-street,Columbus,OH,28691,B2287458166,Rolland,Emigh,,,,,,83
Purchase,1/7/2019,1901.88,XK51E6IAGWW949280,SOUL,2010,no backfire/backfiring; ,Kia,Very Good,SUV,17770,Tan,user04,ntoelkes@iselectrics.com,8315356658,8050 11-street,Henderson,NE,94296,A0891946418,Stephen,Pelkowski,,,,,,2
Purchase,2/3/2019,5367.86,XLHSC830B4B709486,C70,2010,drum brake; ,Volvo,Very Good,Convertible,10582,Purple,user06,ekines@donware.com,5318388770,419 6-street,Columbus,OH,7051,C5517920862,Tyra,Jacobos,,,,,,179
Purchase,2/7/2019,2251.22,XOBOW6AU18A917853,MARK LT,2008,,Lincoln,Excellent,Van,5133,Yellow,user06,nperez@blackzim.com,8502719603,2904 21-street,Memphis,TN,41308,D5555586904,Annmarie,Royster,,,,,,238
Purchase,2/16/2019,1012.7,XUV6JR4Q8SX652578,Q45,2004,normally aspirated; ,INFINITI,Excellent,Truck,27628,Brown,user02,tradde@stanredtax.com,291639883,196 14-street,San Diego,CA,63845,B6645695262,Jose,Calvaresi,,,,,,120
Purchase,6/16/2019,3557.93,YB3M3MZEQ1J275307,SIERRA 1500,2001,coupe; ,GMC,Good,Convertible,28814,Silver,user18,,2563801437,5398 12-street,Lubbock,CA,18344,D2548986249,Xochitl,Knipp,,,,,,225
Purchase,6/21/2019,4323.66,YR8K00OE58G720472,WRANGLER,2007,fuel injection; ,Jeep,Excellent,Coupe,22740,Purple,user06,jfortino@finjob.com,1574497569,7535 13-street,New Orleans,CA,21560,B0504258873,Merissa,Wolny,,,,,,67
Purchase,1/8/2019,3069.42,YSPKFT8VKW8617087,S2000,2001,engine displacement; ,Honda,Good,Convertible,93559,Copper,user22,rreiber@dalttechnology.com,2299669538,4899 2-street,Detroit,MI,49663,,,,93-6088457,Zencorporation,Talia,Vizarro,Executive Manager R7,262
Purchase,4/29/2019,1306.08,Z0Z206HDHO0103381,VERANO,2013,power train; ,Buick,Fair,Truck,141406,Metallic,user12,yfelger@groovestreet.com,706470748,2680 7-street,Baltimore,OK,83300,B9167611164,Mitsue,Diestel,,,,,,144
Purchase,2/26/2019,1155.14,Z4RBIUHHJZS859016,FE-HD,2002,best radiator; ,Mitsubishi,Excellent,Van,127020,Metallic,user10,ntoelkes@iselectrics.com,8315356658,8050 11-street,Henderson,NE,94296,A0891946418,Stephen,Pelkowski,,,,,,4
Purchase,6/18/2019,1611.62,Z4SH0SHZI01062444,ROADSTER,2009,automatic valves; ,Tesla,Very Good,Sedan,140520,Rose,user24,ezurcher@bioplex.com,9396666663,6175 17-street,Jacksonville,FL,13791,B6684374397,Mariann,Lary,,,,,,123
Purchase,4/6/2019,1627.93,Z8UDI7LAGS7164830,ST1300,2004,station wagon (Also known as wagon.); ,Honda,Very Good,Truck,167400,Aluminum,user22,ahughey@dambase.com,9425991853,1719 20-street,Oklahoma City,KY,10898,A2130488970,Nicolette,Biddy,,,,,,18
Purchase,5/2/2019,4473.95,ZDIFPMGLJRT329921,RDX,2012,best oil pump; best possible traction; ,Acura,Excellent,Minivan,129628,Rust,user12,,838636926,8665 18-street,Detroit,MI,89762,D1490490202,Audry,Wide,,,,,,220
Purchase,4/16/2019,3523.99,ZDR30CO5D6G733856,DUCATO,2008,,FIAT,Excellent,Truck,85110,Gold;Pink;Silver,user14,,9481709095,703 20-street,Fort Worth,TX,58757,D3829841679,Shawna,Vizarro,,,,,,232
Purchase,4/20/2019,1886.05,ZIL5XS7BK6F565259,CALIFORNIA,2018,modern dashboard; ,Ferrari,Very Good,Convertible,115032,Metallic,user05,titurbide@rangreen.com,2294596620,9483 7-street,Anchorage,CA,68807,B2906209149,Chanel,Kippley,,,,,,87
Purchase,1/6/2019,6842.77,ZIYO5EKWDKS246902,V60,2018,original equipment manufacturer (OEM) parts; ,Volvo,Fair,Van,11515,Maroon,user18,titurbide@rangreen.com,2294596620,9483 7-street,Anchorage,CA,68807,B2906209149,Chanel,Kippley,,,,,,86
Purchase,6/29/2019,8427.4,ZJFVODF6M3T898510,BOXSTER,2016,broad wheelbase; ,Porsche,Fair,Minivan,73979,Brown,user12,kehmann@newex.com,4190403055,9564 6-street,San Diego,CA,14868,,,,68-0050695,Donware,Markus,Bruschke,SalesRep R2,310
Purchase,5/6/2019,4076.91,ZS1M7DGNG0B708125,RAM 2500 PICKUP,2001,,Dodge,Excellent,SUV,10388,Blue,user03,wbreland@konmatfix.com,5788081288,2359 5-street,Oklahoma City,KY,68456,C1317447002,Franklyn,Kaniecki,,,,,,155
Purchase,1/30/2019,2908.42,ZS1SXM3GTO8957023,ESCALADE EXT,2007,air filtration system; ,Cadillac,Very Good,Truck,11720,Pink,user18,ahughey@dambase.com,9425991853,1719 20-street,Oklahoma City,KY,10898,A2130488970,Nicolette,Biddy,,,,,,16
Purchase,4/26/2019,8273.34,ZXZP2ADJFMJ124788,COMMANDER,2009,,Jeep,Good,SUV,2842,Bronze,user18,lhaufler@zathunicon.com,9953808583,2797 5-street,El Paso,TX,45787,,,,94-0706896,Mathtouch,Valentine,Kulzer,Senior Manager M1,290
Sale,6/27/2019,,036JZFZ8I3K433701,Q45,2003,disc brake; ,INFINITI,Excellent,Sedan,79683,Metallic,user15,ltegarden@scotfind.com,2765842516,4630 14-street,Charlotte,NC,91338,,,,27-2108866,Toughzap,Ettie,Shin,Senior Director R8,327
Sale,4/27/2019,,05WXEVLB5X8956206,SRX,2009,fuel injection; ,Cadillac,Fair,SUV,24135,White,user25,ltegarden@scotfind.com,2765842516,4630 14-street,Charlotte,NC,91338,,,,27-2108866,Toughzap,Ettie,Shin,Senior Director R8,317
Sale,4/11/2019,,0HJ3WSLKGZT340626,LACROSSE,2008,engine displacement; ,Buick,Fair,SUV,17670,Rose,user09,mbutt@plexzap.com,6411017442,2910 16-street,Fort Worth,TX,68619,A6448389020,Kimberlie,Stockham,,,,,,43
Sale,6/28/2019,,0KQT4QWDSFO183874,VERACRUZ,2007,anti-lock brake system (ABS); ,Hyundai,Fair,Sedan,58788,Bronze,user25,kkippley@stanredtax.com,4902392607,1228 6-street,Hialeah,NV,21726,C9808620269,Martina,Lietz,,,,,,211
Sale,6/20/2019,,0OZ6776OUA0065975,MULSANNE,2014,best possible traction; ,Bentley,Very Good,Sedan,3409,Bronze;Brown;Gray,burdell,gleinenbach@betasoloin.com,583472854,3646 6-street,Richmond,CA,14113,,,,08-9519988,Hatfan,Maurine,Briddick,Associate Manager M8,325
Sale,5/14/2019,,0Y8HTOZ7K6L112375,WRANGLER,2004,ultra new transmission; normally aspirated; hydraulic brakes; ,Jeep,Very Good,Van,139065,Maroon,burdell,tfrerking@plexzap.com,2977557657,7175 16-street,Cincinnati,MN,17189,C7245495659,Oretha,Bowley,,,,,,191
Sale,6/8/2019,,1D75678DO43448008,PROMASTER 2500,2016,,Ram,Good,Minivan,9230,Orange,user16,dferencz@konex.com,505368401,1013 15-street,Chula Vista,IN,16752,B3151226118,Delisa,Buvens,,,,,,88
Sale,2/27/2019,,1EW5SWZMNBU661507,TT QUATTRO,2005,best sedan; automatic transmission; engine displacement; ,Audi,Excellent,Van,61050,Beige;Claret;Gray,user17,dengelberg@rantouch.com,4406850849,914 20-street,San Antonio,TX,68448,C8244565014,Irma,Dhamer,,,,,,199
Sale,6/28/2019,,1J1RMS1AO48718511,COOPER COUNTRYMAN,2013,,MINI,Excellent,Truck,34872,Blue,user09,lhaufler@zathunicon.com,9953808583,2797 5-street,El Paso,TX,45787,,,,94-0706896,Mathtouch,Valentine,Kulzer,Senior Manager M1,330
Sale,6/16/2019,,1MF8O5K3V5X143850,LX570,2010,wide transaxle; ,Lexus,Fair,Minivan,104044,Turquoise,user17,mdilello@openlane.com,9342834158,5573 7-street,Bakersfield,FL,54549,D1451097081,France,Figeroa,,,,,,219
Sale,6/20/2019,,1NVXI5JXG3Q330243,AZERA,2010,automatic valves; wide chassis; ,Hyundai,Excellent,Van,3812,Tan,user13,ltomasulo@blackzim.com,5896714927,8634 11-street,San Francisco,CA,98229,A5441879198,Fabiola,Keener,,,,,,38
Sale,3/9/2019,,1RQR2NON75E373495,MX-5,2006,innovative air bags; ,MAZDA,Excellent,Coupe,14172,Cream,user09,ahughey@dambase.com,9425991853,1719 20-street,Oklahoma City,KY,10898,A2130488970,Nicolette,Biddy,,,,,,17
Sale,5/22/2019,,1U4MXLVV84A726331,ELISE,2007,,Lotus,Excellent,Sedan,129670,Purple,user09,kkippley@stanredtax.com,4902392607,1228 6-street,Hialeah,NV,21726,C9808620269,Martina,Lietz,,,,,,209
Sale,3/4/2019,,2KANK83IC2A444270,SILVERADO 2500 HD,2011,minivan; ,Chevrolet,Very Good,Convertible,100896,Rose,user09,lmonarrez@doncon.com,6568801094,6786 21-street,Scottsdale,NV,80515,A1543433846,Lenna,Skulski,,,,,,12
Sale,5/24/2019,,2TN1NJUXESG344969,IMPREZA,2018,automatic torque converter; ,Subaru,Good,SUV,11972,Aluminum,user17,mcentini@singletechno.com,9919665090,5345 16-street,Reno,VA,79485,D9635369685,Carmelina,Staback,,,,,,256
Sale,5/26/2019,,30IT6VOHPTN692600,RL,2002,oversteer; ,Acura,Fair,SUV,133159,Copper;Gold;Pink,user20,bfrey@goodsilron.com,2216937687,9526 8-street,Anchorage,CA,9544,,,,34-9450658,Finhigh,Mollie,Nestle,Senior Manager R8,320
Sale,6/26/2019,,30KBYEYBKH5669910,E-350 ECONOLINE CLUB WAGON,2001,best possible traction; ,Ford,Fair,Sedan,53610,Pink,user11,tregusters@ganjaflex.com,5341057929,9675 2-street,Jersey City,CA,70105,B3716300300,Art,Degroot,,,,,,94
Sale,5/16/2019,,31ZQB40Z55B784788,456 M GTA,2002,super new ignition system; power train; ,Ferrari,Excellent,Coupe,123328,Beige;Claret;Copper,burdell,amaile@conecom.com,6288898018,7350 8-street,Portland,NV,32773,D9806834505,Tyra,Layous,,,,,,260
Sale,5/30/2019,,35TB5QWCJW0515619,XKR,2019,ultra new transmission; ,Jaguar,Very Good,Minivan,136271,Pink,user11,mcentini@singletechno.com,9919665090,5345 16-street,Reno,VA,79485,D9635369685,Carmelina,Staback,,,,,,257
Sale,6/19/2019,,38ZSAKVC20U930606,V12 VANTAGE,2019,best sedan; ,Martin,Excellent,Minivan,137449,Gold,user17,whengel@plexzap.com,9203540780,5374 19-street,Gilbert,LA,18192,,,,19-6241359,dambase,Tawna,Tomasulo,Associate Fellow M4,324
Sale,6/20/2019,,3HWBBE541KJ068668,335I,2008,best oil pump; ,BMW,Excellent,Sedan,42840,Copper,burdell,llinahan@finjob.com,1675218251,5462 20-street,Denver,CO,59180,D9431249359,Benton,Konopacki,,,,,,254
Sale,5/28/2019,,3U3N6HS8K3V143011,SIERRA 2500 HD,2012,crumple zones; ,GMC,Excellent,Coupe,18870,Aluminum,user25,lferencz@streethex.com,6850141056,7582 7-street,Fort Wayne,FL,97639,A0953343682,Helene,Saylors,,,,,,7
Sale,6/26/2019,,3VWJ7G74MRP551283,V8 VANTAGE,2007,check the Monroney sticker - theer is nothing better than this vehicle; ,Martin,Very Good,SUV,124280,Yellow,user23,sgiguere@finjob.com,3963308236,3394 11-street,Virginia Beach,GA,21078,B1872571043,Elvera,Flosi,,,,,,79
Sale,4/24/2019,,426W8PU85BH593514,IMPREZA,2011,crankcase; hydraulic brakes; ,Subaru,Fair,Sedan,52180,Rose,user16,nboord@betatech.com,4943302000,8045 10-street,Memphis,TN,26029,,,,18-6868850,Sunnamplex,Lavonda,Juvera,Director R8,315
Sale,5/6/2019,,4G40BAXEV4V936460,XTS,2013,overdrive; ,Cadillac,Very Good,SUV,102825,Black,user08,,1352389656,5697 4-street,Lexington-Fayette,PA,64481,,,,21-0607602,Ron-tech,Blair,Sawchuk,Senior Manager M4,318
Sale,3/31/2019,,6HKQMAEQ5PA690783,PATRIOT,2011,supernew catalytic converter; ,Jeep,Good,Sedan,29506,Claret;Pink;Purple,user17,wbreland@konmatfix.com,5788081288,2359 5-street,Oklahoma City,KY,68456,C1317447002,Franklyn,Kaniecki,,,,,,154
Sale,6/27/2019,,6KSCMBLK5DZ055754,IMPREZA,2002,best radiator; ,Subaru,Fair,Convertible,27610,Green,burdell,dbrucato@plexzap.com,1325956157,8359 17-street,Colorado Springs,NE,37713,,,,38-0990951,Lexiqvolax,Carmela,Scipione,Fellow R7,328
Sale,6/23/2019,,6PSJQWZYS2J443879,XK,2015,detail; ,Jaguar,Fair,Minivan,6828,Aluminum,user11,nsemidey@blackzim.com,5466289697,5274 2-street,New York,NY,5501,D5653451679,Van,Comnick,,,,,,242
Sale,5/27/2019,,73MVKB63GMJ964569,GALANT,2004,best sedan; ,Mitsubishi,Fair,SUV,6381,Claret,user25,dengelberg@rantouch.com,4406850849,914 20-street,San Antonio,TX,68448,C8244565014,Irma,Dhamer,,,,,,200
Sale,6/28/2019,,7A13XEM0IMF171736,LOBO,2013,innovative air bags; front axle assembly; ,Ford,Excellent,Van,66160,Rust,user09,,1577607406,63 19-street,Orlando,FL,68407,B0676368739,Refugia,Riden,,,,,,74
Sale,6/27/2019,,7F3L3GAY4BB268957,CANYON,2005,good gear; all passive safety features; high quality carburetor; ,GMC,Fair,Sedan,119148,Tan,user15,emauson@konmatfix.com,8269013055,6556 12-street,Oakland,MN,27258,,,,66-0947691,Zotware,Eladia,Castros,Senior Director M5,329
Sale,4/12/2019,,7FT34LPXEKD855738,MT55,2009,,Freightliner,Very Good,Coupe,96640,Rose,user13,tfunnell@zoomit.com,5201367484,3334 8-street,Austin,TX,72284,C9903567737,Linn,Hollack,,,,,,214
Sale,6/24/2019,,7T0CI3XEYJA004139,COMPASS,2019,super new ignition system; ,Jeep,Excellent,Coupe,21140,Metallic,user20,ezurcher@bioplex.com,9396666663,6175 17-street,Jacksonville,FL,13791,B6684374397,Mariann,Lary,,,,,,124
Sale,6/4/2019,,7YCPTKZS5B3163969,TRX500FE FOURTRAX FOREMAN 4X4 ES,2008,,Honda,Very Good,Convertible,38273,Silver,user15,nschemmer@zencorporation.com,1678547402,3726 8-street,Baltimore,OK,33994,C3670850732,Alishia,Latzke,,,,,,166
Sale,6/29/2019,,8BPZY476GS8852305,MKS,2015,,Lincoln,Fair,Convertible,21882,Brown,user25,dyglesias@silis.com,3845738997,840 4-street,Oakland,MN,18815,,,,15-6515230,Yearin,Taryn,Slayton,SalesRep L5,332
Sale,5/27/2019,,8CPKHCHU2W7031895,FORTWO,2005,no redline; ,smart,Very Good,Truck,139625,Beige,user20,tbachman@konex.com,7577634102,237 5-street,St. Louis,CA,43201,C4429219457,Rhea,Pontoriero,,,,,,177
Sale,4/26/2019,,AI51SMWRVBH997689,MERIVA,2008,ultra new transmission; ,Chevrolet,Very Good,Van,102980,Copper,burdell,tfrerking@plexzap.com,2977557657,7175 16-street,Cincinnati,MN,17189,C7245495659,Oretha,Bowley,,,,,,190
Sale,2/6/2019,,AKHFEO0D1D4893889,FE-SP,2004,wide cam; ,Mitsubishi,Fair,Truck,3544,Silver,user20,dsetter@zumgoity.com,9596403978,9246 12-street,Corpus Christi,KY,96337,D4435428566,Jacqueline,Strassner,,,,,,235
Sale,4/25/2019,,B2JQXKMCCJ3730138,CADDY,2018,automatic torque converter; ,Volkswagen,Fair,Van,77568,Navy,user16,fschemmer@toughzap.com,1295867444,8540 3-street,Anaheim,CA,89578,,,,80-2924796,J-Texon,Twana,Rulapaugh,Researcher R5,316
Sale,1/22/2019,,BMMT70O7FLR864961,GALLARDO,2013,sturdy side impact beams; ,Lamborghini,Excellent,Sedan,41550,Gray,user15,ijayson@cancity.com,9353320487,7754 16-street,Charlotte,NC,89983,C7731551051,Larae,Thyberg,,,,,,196
Sale,5/3/2019,,BX1OSN5TZYU191007,SONATA,2010,manual transmission; ,Hyundai,Excellent,Sedan,23424,Beige,burdell,lmonarrez@doncon.com,6568801094,6786 21-street,Scottsdale,NV,80515,A1543433846,Lenna,Skulski,,,,,,13
Sale,6/20/2019,,C0VHQRA5CIO857811,ARNAGE,2003,coupe; ,Bentley,Excellent,SUV,63870,Silver,user08,ydegroot@stanredtax.com,8740455825,9146 8-street,Oklahoma City,KY,78936,B5327595424,Ressie,Palaia,,,,,,106
Sale,2/17/2019,,C1OCSTQ1VP0823459,XFR-S,2017,original equipment manufacturer (OEM) parts; drum brake; convertible; ,Jaguar,Fair,Minivan,104976,Metallic,user17,eluczki@hatfan.com,389051409,3968 4-street,Newark,TX,26131,D7770361115,Luisa,Malet,,,,,,248
Sale,4/16/2019,,CNXWEAHRICK569430,WRANGLER,2006,four-wheel drive; ,Jeep,Good,Coupe,62856,Blue,user23,hherritt@dalttechnology.com,3908583441,7044 16-street,Dallas,TX,53850,C1404134532,Junita,Perigo,,,,,,159
Sale,4/6/2019,,CQCKR5VZRWO844951,COOPER,2003,no understeer; ,MINI,Very Good,Coupe,6276,Copper;Metallic;Yellow,user17,khalter@betatech.com,3232843344,6938 7-street,Albuquerque,AZ,92207,D2619628333,Junita,Walthall,,,,,,227
Sale,3/28/2019,,E64AFHYM7CM667399,AZURE,2010,front wheel drive; fuel injection; Automotive Service Excellence (ASE); ,Bentley,Good,Convertible,84966,Gold;Maroon,user13,aagramonte@isdom.com,9968600599,8098 20-street,Wichita,TX,49318,B4801537581,Gracia,Sengbusch,,,,,,103
Sale,1/29/2019,,EAJW0OF78HV386515,SPRINTER 3500,2002,,Freightliner,Very Good,Coupe,129480,Orange,user13,scloney@konmatfix.com,4246621714,5861 16-street,Kansas City,AZ,24586,D9745941406,My,Arceo,,,,,,259
Sale,2/28/2019,,EFUWNBMO3TM316916,ELISE,2011,automatic safety features; ,Lotus,Good,Van,158818,Copper,user23,earedondo@scottech.com,6670173598,8485 9-street,Fort Worth,TX,38021,,,,43-4733948,Goodsilron,Lai,Storment,Associate Manager M7,311
Sale,2/23/2019,,EMARJQJLUEI221810,ARNAGE,2001,normally aspirated; ,Bentley,Very Good,Minivan,50919,Blue,user23,rskulski@sonron.com,4584955666,3367 4-street,Madison,TX,13950,B5930662838,Latrice,Claucherty,,,,,,109
Sale,5/9/2019,,ENHQ8WS125F354364,TSX,2010,manual transmission; ,Acura,Good,Van,4884,White,burdell,eschieler@blackzim.com,8468971957,6810 18-street,Indianapolis,IN,13749,B7658453163,Cyndy,Gochal,,,,,,130
Sale,4/26/2019,,EVDJMOIDNRC331823,FORFOUR,2005,all passive safety features; ,smart,Fair,Coupe,17826,Cream,user15,dhoneywell@blackzim.com,6663567812,3860 16-street,Stockton,OH,70202,A7120700731,Junita,Toelkes,,,,,,49
Sale,6/28/2019,,F6TVSMY2L2Z886673,ML400,2015,great rpms; hydraulic brakes; ,Mercedes-Benz,Very Good,Convertible,57190,Purple,user20,lhoffis@singletechno.com,6582231709,5810 1-street,Greensboro,NJ,23981,B4683383831,Gracia,Agramonte,,,,,,99
Sale,6/17/2019,,FRCY3VYNL42885570,GRANSPORT,2007,superturbocharger; ,Maserati,Good,Convertible,67992,Metallic,user17,ncolla@dambase.com,7577794453,9934 21-street,Oakland,MN,43123,,,,96-4982785,Bioholding,Levi,Chesterfield,Senior Scientist M4,323
Sale,6/19/2019,,FZ1HFZ585WR955503,AVIATOR,2004,high quality carburetor; ,Lincoln,Good,Minivan,99636,Aluminum,user09,jdemesa@scottech.com,8898240201,9597 6-street,Garland,FL,23856,C3686964342,Josphine,Degroot,,,,,,168
Sale,6/24/2019,,G33VJW8N2FY389186,B2300,2001,broad wheelbase; drive shaft; high block; ,MAZDA,Good,Minivan,4738,Red,user23,cstoltzman@rundofase.com,1187497771,5437 3-street,Irving,AZ,89091,B6711015012,Mitsue,Slusarski,,,,,,125
Sale,5/20/2019,,GBA0V3Z00JI851102,GRANTURISMO,2011,autotachometer; modern dashboard; ,Maserati,Good,Van,118476,Brown,user17,pmartabano@doncon.com,9248918714,2985 14-street,Los Angeles,CA,87682,B4745861576,Brett,Toelkes,,,,,,100
Sale,3/14/2019,,H0SVSC0X1W0660350,EXPRESS 4500,2013,high differential; automatic valves; ,Chevrolet,Excellent,Coupe,37800,Black;Gray,user23,bgellinger@green-plus.com,4935277297,8904 1-street,Honolulu,CO,22824,C8771937989,Thaddeus,Lawler,,,,,,202
Sale,5/24/2019,,H130KLLOZLY973998,ROADSTER,2009,rack and pinion steering; ,Tesla,Very Good,Minivan,111596,Rust,user20,rdelasancha@stanredtax.com,4856335522,5214 17-street,St. Louis,CA,66315,A1953394969,Lorrine,Pagliuca,,,,,,15
Sale,1/9/2019,,H7PM7E5LCY5894305,TT QUATTRO,2002,unibody construction; ,Audi,Very Good,Convertible,33935,Rose;Rust;Turquoise,user20,llinahan@finjob.com,1675218251,5462 20-street,Denver,CO,59180,D9431249359,Benton,Konopacki,,,,,,253
Sale,4/17/2019,,I6M6GMQGG7C407268,COOPER,2007,sport utility vehicle-SUV; best sedan; broad wheelbase; ,MINI,Fair,Coupe,99910,Turquoise,user09,lhaufler@zathunicon.com,9953808583,2797 5-street,El Paso,TX,45787,,,,94-0706896,Mathtouch,Valentine,Kulzer,Senior Manager M1,314
Sale,5/27/2019,,I7CVVBU08H1044370,EOS,2008,disc brake; gap; ,Volkswagen,Fair,Sedan,49142,Cream,user16,donofrio@warephase.com,6222810837,2749 6-street,Charlotte,NC,98482,C8989750395,Derick,Dilliard,,,,,,205
Sale,3/31/2019,,IB3FDW7VPTE357125,CALIFORNIA,2011,disc brake; crankcase; ,Ferrari,Good,Van,55068,Purple,user17,dsarao@golddex.com,3331922115,4454 14-street,Buffalo,NJ,98345,B6148685373,Mireya,Sawchuk,,,,,,114
Sale,6/21/2019,,IHCVQSL87UO415387,WRX STI,2015,minivan; unibody construction; ,Subaru,Good,Minivan,189940,Metallic,user20,ntoelkes@iselectrics.com,8315356658,8050 11-street,Henderson,NE,94296,A0891946418,Stephen,Pelkowski,,,,,,6
Sale,5/10/2019,,IKUQE1AIER1879688,RL,2002,engine displacement; power train; ,Acura,Good,Sedan,57900,Maroon,user17,tradde@stanredtax.com,291639883,196 14-street,San Diego,CA,63845,B6645695262,Jose,Calvaresi,,,,,,121
Sale,6/8/2019,,JAH4TXSVFRZ937654,POINTER,2004,wide transaxle; ,Volkswagen,Good,Van,83052,White,user09,xgochal@donquadtech.com,4752675684,8284 1-street,Tucson,CA,49195,C4179179446,Alyce,Hauenstein,,,,,,172
Sale,6/21/2019,,JB6TJOH3G13545501,INTEGRA,2001,super new ignition system; ,Acura,Very Good,Coupe,2998,Navy,user20,jdemesa@scottech.com,8898240201,9597 6-street,Garland,FL,23856,C3686964342,Josphine,Degroot,,,,,,169
Sale,6/29/2019,,JVT2Q6U7HLH559100,SPIDER,2007,,Alfa,Very Good,Van,2485,Metallic,user11,vparvis@opentech.com,8862184577,7282 17-street,Plano,NV,12480,A5116094170,Shawna,Cousey,,,,,,37
Sale,4/14/2019,,JVUFO2OOZH6501609,PASSAT,2017,sturdy rear axle assembly; ,Volkswagen,Good,Convertible,33075,Gold;Pink;Silver,user20,rblackwood@y-corporation.com,8606030011,4833 11-street,Austin,TX,2720,,,,25-2484659,Groovestreet,Paz,Blunk,Senior Director R8,313
Sale,5/6/2019,,K23GQ1HYKID336715,ARNAGE,2009,automatic safety features; ,Bentley,Excellent,Convertible,43530,Brown;Navy,user13,bfrey@goodsilron.com,2216937687,9526 8-street,Anchorage,CA,9544,,,,34-9450658,Finhigh,Mollie,Nestle,Senior Manager R8,319
Sale,6/12/2019,,K5ZQ65X47KU986899,ELDORADO,2001,minivan; ,Cadillac,Fair,SUV,66910,Turquoise,user15,rgato@bioholding.com,1320896761,439 15-street,Bakersfield,FL,32198,,,,75-4600214,Ron-tech,Ilene,Fishburne,Scientist R1,322
Sale,6/29/2019,,K6NPKFWC2DG818634,TL,2004,hydraulic brakes; drum brake; ,Acura,Very Good,Coupe,77212,Green,user25,hauffrey@domzoom.com,5571476773,7876 13-street,Anchorage,CA,60946,C6972781026,Ma,Yum,,,,,,188
Sale,6/27/2019,,KG6S1KYGKY7383089,MAXIMA,2012,gap; ,Nissan,Excellent,Minivan,101450,Black,user09,ahughey@dambase.com,9425991853,1719 20-street,Oklahoma City,KY,10898,A2130488970,Nicolette,Biddy,,,,,,19
Sale,5/30/2019,,KIYTRMRZHSZ939929,GRANSPORT,2007,,Maserati,Excellent,Truck,91502,Beige,user13,klace@finjob.com,9460075046,609 14-street,Omaha,NC,98545,D1610396701,Chaya,Palaia,,,,,,223
Sale,6/24/2019,,L075CLEGAGV332326,RX330,2004,four-wheel drive; drive shaft; ,Lexus,Good,Van,61175,Turquoise,user15,mharoldson@sumace.com,1579571338,4203 19-street,Los Angeles,CA,95231,A3961543582,Carmelina,Rauser,,,,,,29
Sale,6/17/2019,,L2G40AKW0DV261314,SONATA,2003,wide chassis; drum brake; ,Hyundai,Excellent,Coupe,4388,Pink,user13,jfern@bioplex.com,3742674013,793 8-street,New York,NY,99051,A2840015188,Skye,Estell,,,,,,27
Sale,5/2/2019,,L8CKHAJ376Q732997,RX400H,2008,automatic safety features; ,Lexus,Very Good,Sedan,7152,Blue,user08,sgiguere@finjob.com,3963308236,3394 11-street,Virginia Beach,GA,21078,B1872571043,Elvera,Flosi,,,,,,77
Sale,4/1/2019,,LAW66TO51NY340329,TRX500FGA FOURTRAX FOREMAN RUBICON,2008,gap; no backfire/backfiring; ,Honda,Very Good,Sedan,129900,Turquoise,user13,hauffrey@sunnamplex.com,3880267245,3597 2-street,Fort Worth,TX,16909,,,,34-4111553,Labdrill,Alease,Regusters,Researcher L3,312
Sale,6/28/2019,,LEWHC17RSR2225266,MARK LT,2007,coupe; ,Lincoln,Excellent,Coupe,22948,Brown,user15,,2563801437,5398 12-street,Lubbock,CA,18344,D2548986249,Xochitl,Knipp,,,,,,226
Sale,6/14/2019,,LMC0DXV2F72475134,OUTBACK,2018,best oil pump; ,Subaru,Very Good,Minivan,13130,Brown,user09,ekines@donware.com,5318388770,419 6-street,Columbus,OH,7051,C5517920862,Tyra,Jacobos,,,,,,180
Sale,4/30/2019,,LXLYHOV4G1Z722469,EXPRESS 3500,2018,normally aspirated; ,Chevrolet,Good,SUV,167240,Black;Orange,burdell,khalter@betatech.com,3232843344,6938 7-street,Albuquerque,AZ,92207,D2619628333,Junita,Walthall,,,,,,229
Sale,6/8/2019,,M58W6OQD1J3561088,BOXSTER,2001,,Porsche,Excellent,Truck,64527,Purple,user16,klace@finjob.com,9460075046,609 14-street,Omaha,NC,98545,D1610396701,Chaya,Palaia,,,,,,224
Sale,6/27/2019,,M6J2KWLLUKW587077,AZERA,2011,,Hyundai,Very Good,Sedan,73801,Turquoise,user25,cgoldammer@silis.com,5139591614,3758 3-street,Houston,TX,93403,A9685977010,Louvenia,Gillaspie,,,,,,64
Sale,6/4/2019,,MBKMABQOONK563483,SOUL,2019,original equipment manufacturer (OEM) parts; ,Kia,Fair,Van,87548,Tan,user08,svinning@domzoom.com,1455563822,712 19-street,Houston,TX,4775,C0188223064,Mitsue,Tomasulo,,,,,,150
Sale,3/17/2019,,MW6HGX7M6O4186962,V8 VANTAGE,2011,,Aston,Fair,Convertible,2092,Beige;Pink;White,user16,cleto@ontomedia.com,6430223893,3244 1-street,Plano,NV,60791,B4543107001,Cyndy,Royster,,,,,,96
Sale,6/21/2019,,MW7W375RHHU707116,COOPER,2015,rear wheel drive; ,MINI,Good,Van,51504,Aluminum,user11,cpadilla@codehow.com,2413273945,9723 1-street,Chandler,TX,94525,C7154501254,Glenna,Onofrio,,,,,,189
Sale,5/26/2019,,MXF3EGT2PAG490479,FORESTER,2008,good piston; small dent in roof,Subaru,Very Good,Coupe,42500,Orange,user16,tbachman@konex.com,7577634102,237 5-street,St. Louis,CA,43201,C4429219457,Rhea,Pontoriero,,,,,,176
Sale,1/18/2019,,N5VAEVB47M5598208,ROADSTER,2009,anti-lock brake system (ABS); ,Tesla,Excellent,Minivan,1519,Rose,burdell,scloney@konmatfix.com,4246621714,5861 16-street,Kansas City,AZ,24586,D9745941406,My,Arceo,,,,,,258
Sale,4/6/2019,,NNLD761PGMY686484,FL80,2005,hydraulic brakes; good gear; sturdy rear axle assembly; ,Freightliner,Fair,Minivan,23613,Gray,user13,ntoelkes@iselectrics.com,8315356658,8050 11-street,Henderson,NE,94296,A0891946418,Stephen,Pelkowski,,,,,,5
Sale,6/20/2019,,NVDV1HTYNUU168147,R1200CL,2005,automatic safety features; ,BMW,Fair,Van,63324,Yellow,user20,wbreland@konmatfix.com,5788081288,2359 5-street,Oklahoma City,KY,68456,C1317447002,Franklyn,Kaniecki,,,,,,157
Sale,5/26/2019,,OOXPL1JMKRX336822,612 SCAGLIETTI,2010,manual transmission; normally aspirated; ,Ferrari,Good,Convertible,32888,Rust,user09,qcantres@lexiqvolax.com,8985019834,4691 12-street,Minneapolis,OK,93225,B7298707408,Nana,Newville,,,,,,128
Sale,6/9/2019,,OUXQFNQE2K7274854,740I,2015,engine displacement; ,BMW,Excellent,Sedan,105308,Pink,user20,aogg@dalttechnology.com,3841718234,4250 21-street,Virginia Beach,GA,70041,D4296267174,Ahmed,Padilla,,,,,,234
Sale,6/9/2019,,PC02G0A675B935953,CANTER FE180,2012,detail; ,Mitsubishi,Very Good,Van,4566,Turquoise,user13,jgotter@dontechi.com,4754848228,5969 13-street,Buffalo,NJ,66988,D7751875993,Carissa,Similton,,,,,,245
Sale,6/10/2019,,PEXVHDHEYM7282767,DBS,2009,best radiator; ,Aston,Very Good,Truck,44320,Brown,user09,jwitten@toughzap.com,6762288681,3171 20-street,Nashville-Davidson,MD,86587,D8463845828,Stephaine,Drymon,,,,,,252
Sale,5/28/2019,,PUVTYE6IVGN271318,DBS,2011,rear wheel drive; ,Martin,Fair,Convertible,78935,White,user11,rskulski@sonron.com,4584955666,3367 4-street,Madison,TX,13950,B5930662838,Latrice,Claucherty,,,,,,110
Sale,5/20/2019,,QHUYKEFC12W678012,DB9,2012,power train; ,Martin,Excellent,Truck,193286,Black,user15,jglick@goodsilron.com,3915729799,6402 7-street,Irvine,NC,16724,C3701564618,Rhea,Jillson,,,,,,170
Sale,3/19/2019,,QNGJBXZ0ZPN690169,GENESIS,2016,sturdy rear axle assembly; ,Hyundai,Fair,Van,68300,Bronze,user09,lrhoden@golddex.com,247749496,8102 19-street,Los Angeles,CA,14989,A8352857373,Felicidad,Discipio,,,,,,59
Sale,6/28/2019,,R56SEOUUT0R265399,MURCIELAGO,2003,good piston; ,Lamborghini,Very Good,Van,26791,Yellow,user15,lshinko@plussunin.com,9509224748,4666 10-street,Boston,TN,61462,A7690497079,Sylvia,Kusko,,,,,,53
Sale,6/14/2019,,RUAW8E8S2SA826885,TITAN,2008,automatic safety features; ,Nissan,Fair,Minivan,154050,Rose,user08,ahidvegi@scotfind.com,4693228016,5887 16-street,Mesa,VA,78558,B8617696591,Helaine,Maclead,,,,,,137
Sale,1/31/2019,,RZ64Q4VF3EC682670,HIACE,2011,,Toyota,Excellent,Convertible,143278,Aluminum;Cream;Rust,user16,ebaltimore@singletechno.com,5858632305,6792 5-street,Jacksonville,FL,71766,A2628970055,Cristy,Acey,,,,,,22
Sale,5/23/2019,,S7OOZE7TI6U419267,FX35,2012,front axle assembly; active safety features; supernew catalytic converter; similar to Nissan Murano,INFINITI,Fair,Sedan,136516,Claret;Gold,user15,yfelger@groovestreet.com,706470748,2680 7-street,Baltimore,OK,83300,B9167611164,Mitsue,Diestel,,,,,,146
Sale,6/18/2019,,SEXWGCZNLS4439650,BROOKLANDS,2009,crankcase; ,Bentley,Good,Sedan,176955,Beige;Gold;Tan,user16,lhoffis@singletechno.com,6582231709,5810 1-street,Greensboro,NJ,23981,B4683383831,Gracia,Agramonte,,,,,,98
Sale,6/25/2019,,SROKG0OMKKQ394333,TRACKER,2002,rack and pinion steering; ,Chevrolet,Fair,Convertible,32814,Green,user08,lferencz@streethex.com,6850141056,7582 7-street,Fort Wayne,FL,97639,A0953343682,Helene,Saylors,,,,,,9
Sale,6/18/2019,,SWME2EZ3HDD006687,SL55 AMG,2006,great engine; ,Mercedes-Benz,Good,Minivan,13550,Brown,user11,abitsuie@xx-zobam.com,720363016,7156 12-street,Plano,NV,90870,B2116633076,Wilda,Fritz,,,,,,82
Sale,3/3/2019,,SX73Y7QKKQF628146,EOS,2012,,Volkswagen,Fair,Minivan,75560,Maroon,user25,lpawlowicz@gogozoom.com,6254507435,9893 13-street,Madison,TX,95139,B0585188333,Lorrie,Boord,,,,,,68
Sale,6/28/2019,,SZAJTDBI6IL561669,4C,2016,original equipment manufacturer (OEM) parts; ,Alfa,Good,Coupe,101749,Claret,user16,dsetter@zumgoity.com,9596403978,9246 12-street,Corpus Christi,KY,96337,D4435428566,Jacqueline,Strassner,,,,,,237
Sale,6/29/2019,,TD5OFRN1LC8601752,RAM 3500 PICKUP,2003,oversteer; overdrive; unibody construction; ,Dodge,Excellent,SUV,39765,Gray,user25,cacey@nam-zim.com,1353591607,3638 10-street,Houston,TX,87596,C9736973233,Joesph,Haufler,,,,,,208
Sale,5/3/2019,,U0PQOVOJXT2453885,GHIBLI,2015,engine displacement; ,Maserati,Good,Coupe,25746,Copper,user09,ndilliard@hottechi.com,5753398951,9510 18-street,Long Beach,MO,9794,B3621247910,Edna,Wolny,,,,,,89
Sale,4/9/2019,,UEHE08QS622862172,PRIUS V,2013,high torque; ,Toyota,Fair,Convertible,20001,White,user11,akusko@zencorporation.com,7397974944,3583 21-street,Houston,TX,61159,B6520528449,Donette,Felger,,,,,,118
Sale,5/11/2019,,UVVEV0Y7R3V483738,OUTLANDER,2011,automatic transmission; ,Mitsubishi,Fair,Sedan,5350,Beige,user25,hwaymire@newex.com,9680830274,1130 3-street,Baltimore,OK,28902,B7916407234,Ressie,Hoffis,,,,,,134
Sale,6/20/2019,,V4JVFR4YRS7140562,GOL SEDAN,2012,best suspension; ,Volkswagen,Fair,Convertible,4266,Green,user17,lkeener@betasoloin.com,9935571206,9593 5-street,Philadelphia,PA,14670,,,,12-8194115,Hottechi,Katina,Layous,Scientist M9,326
Sale,5/4/2019,,VP0U4FNOL1Q272112,MITO,2013,manual transmission; ,Alfa,Fair,SUV,84541,Orange,user15,dperin@doncon.com,1680591543,8884 9-street,Sacramento,CA,56712,D1162502438,Lili,Farrar,,,,,,217
Sale,1/18/2019,,VROU7UEWYWK097688,ESCALADE EXT,2008,anti-lock brake system (ABS); ,Cadillac,Very Good,Minivan,19743,Maroon,user09,vparvis@opentech.com,8862184577,7282 17-street,Plano,NV,12480,A5116094170,Shawna,Cousey,,,,,,36
Sale,5/26/2019,,VSGK3RYW2TC911641,S40,2002,wide cam; ,Volvo,Good,Sedan,102289,Red,user11,earedondo@scottech.com,6670173598,8485 9-street,Fort Worth,TX,38021,,,,43-4733948,Goodsilron,Lai,Storment,Associate Manager M7,321
Sale,4/14/2019,,WJENS213H4U188325,CAVALIER,2001,small spark plug gap; ,Chevrolet,Very Good,Sedan,6605,Claret,user15,tregusters@ganjaflex.com,5341057929,9675 2-street,Jersey City,CA,70105,B3716300300,Art,Degroot,,,,,,91
Sale,5/26/2019,,WJUY8SU2JR0730363,PATRIOT,2017,no redline; ,Jeep,Fair,Minivan,39573,Maroon,user17,kgudroe@plussunin.com,675048928,4876 9-street,Lexington-Fayette,PA,27546,C1550981362,Glenna,Newville,,,,,,160
Sale,6/11/2019,,WSMCQT2QRUX986498,MATRIX,2017,pickup; ,Toyota,Excellent,Van,22538,Aluminum,user25,jpinilla@openlane.com,9161351894,1838 2-street,Mesa,VA,21902,A5932340550,Blair,Cronauer,,,,,,39
Sale,3/14/2019,,X7PFFGNBSQI524327,BOXSTER,2011,Automotive Service Excellence (ASE); detail; ,Porsche,Excellent,SUV,9388,Red,user08,klace@finjob.com,9460075046,609 14-street,Omaha,NC,98545,D1610396701,Chaya,Palaia,,,,,,222
Sale,5/3/2019,,XK51E6IAGWW949280,SOUL,2010,no backfire/backfiring; ,Kia,Very Good,SUV,17770,Tan,user15,jmunis@gogozoom.com,8250500917,5943 8-street,Wichita,TX,29847,A4708877275,Samira,Nachor,,,,,,34
Sale,4/15/2019,,XLHSC830B4B709486,C70,2010,drum brake; ,Volvo,Very Good,Convertible,10582,Purple,user16,awildfong@gogozoom.com,1448914508,6043 6-street,Dallas,TX,21023,B5428704297,Gracia,Ennaco,,,,,,107
Sale,3/8/2019,,XOBOW6AU18A917853,MARK LT,2008,,Lincoln,Excellent,Van,5133,Yellow,user20,dhoneywell@blackzim.com,6663567812,3860 16-street,Stockton,OH,70202,A7120700731,Junita,Toelkes,,,,,,48
Sale,6/11/2019,,XUV6JR4Q8SX652578,Q45,2004,normally aspirated; ,INFINITI,Excellent,Truck,27628,Brown,user25,jmunis@gogozoom.com,8250500917,5943 8-street,Wichita,TX,29847,A4708877275,Samira,Nachor,,,,,,35
Sale,6/22/2019,,YB3M3MZEQ1J275307,SIERRA 1500,2001,coupe; ,GMC,Good,Convertible,28814,Silver,user13,tlinahan@labdrill.com,2738568375,1604 1-street,Omaha,NC,3539,C6508528685,Elke,Felger,,,,,,182
Sale,6/28/2019,,YR8K00OE58G720472,WRANGLER,2007,fuel injection; ,Jeep,Excellent,Coupe,22740,Purple,user17,afillingim@kan-code.com,9963348430,8691 9-street,Indianapolis,IN,6705,C0640712551,Talia,Keetch,,,,,,152
Sale,6/21/2019,,YSPKFT8VKW8617087,S2000,2001,engine displacement; ,Honda,Good,Convertible,93559,Copper,user20,lpawlowicz@gogozoom.com,6254507435,9893 13-street,Madison,TX,95139,B0585188333,Lorrie,Boord,,,,,,69
Sale,5/1/2019,,Z0Z206HDHO0103381,VERANO,2013,power train; ,Buick,Fair,Truck,141406,Metallic,user25,dsarao@golddex.com,3331922115,4454 14-street,Buffalo,NJ,98345,B6148685373,Mireya,Sawchuk,,,,,,116
Sale,4/17/2019,,Z4RBIUHHJZS859016,FE-HD,2002,best radiator; ,Mitsubishi,Excellent,Van,127020,Metallic,user11,rdelasancha@stanredtax.com,4856335522,5214 17-street,St. Louis,CA,66315,A1953394969,Lorrine,Pagliuca,,,,,,14
Sale,6/28/2019,,Z8UDI7LAGS7164830,ST1300,2004,station wagon (Also known as wagon.); ,Honda,Very Good,Truck,167400,Aluminum,user13,emauson@konmatfix.com,8269013055,6556 12-street,Oakland,MN,27258,,,,66-0947691,Zotware,Eladia,Castros,Senior Director M5,331
Sale,5/6/2019,,ZIL5XS7BK6F565259,CALIFORNIA,2018,modern dashboard; ,Ferrari,Very Good,Convertible,115032,Metallic,user23,dsetter@zumgoity.com,9596403978,9246 12-street,Corpus Christi,KY,96337,D4435428566,Jacqueline,Strassner,,,,,,236
Sale,5/30/2019,,ZIYO5EKWDKS246902,V60,2018,original equipment manufacturer (OEM) parts; ,Volvo,Fair,Van,11515,Maroon,burdell,hauffrey@domzoom.com,5571476773,7876 13-street,Anchorage,CA,60946,C6972781026,Ma,Yum,,,,,,187
Sale,6/29/2019,,ZJFVODF6M3T898510,BOXSTER,2016,broad wheelbase; ,Porsche,Fair,Minivan,73979,Brown,user15,smaybury@bioplex.com,1374181394,3096 19-street,Baton Rouge,TX,62255,B7770854372,Garry,Schnitzler,,,,,,131
Sale,3/2/2019,,ZS1SXM3GTO8957023,ESCALADE EXT,2007,air filtration system; has a silver streak along roofline,Cadillac,Very Good,Truck,11720,Pink,user08,cgoldammer@silis.com,5139591614,3758 3-street,Houston,TX,93403,A9685977010,Louvenia,Gillaspie,,,,,,63
Sale,5/24/2019,,ZXZP2ADJFMJ124788,COMMANDER,2009,,Jeep,Good,SUV,2842,Bronze,user13,lshinko@plussunin.com,9509224748,4666 10-street,Boston,TN,61462,A7690497079,Sylvia,Kusko,,,,,,52
,,,,,,,,,,,,,,,,,,,,,,,,,,,333
